{"type":"FeatureCollection","features":[{"type":"Feature","properties":{"depth_m":4,"elevation_m":560,"shore":false},"geometry":{"type":"LineString","coordinates":[[7.972254948518286,46.716064676060476],[7.972069366327571,46.71608038599122],[7.972016125476523,46.716161640739365],[7.972163355674284,46.716341505150275],[7.972347994181831,46.71645523825206],[7.972508775828207,46.71672767634551],[7.97268222369827,46.71684835191504],[7.973037061008279,46.71698393893482],[7.973223250848372,46.71696722607883],[7.973263196380978,46.7168655768488],[7.972849708446578,46.716490296285095],[7.972920096514793,46.716581075179874],[7.972848638144623,46.71654474312004],[7.9727460212723935,46.716355909138265],[7.972254948518286,46.716064676060476]]}},{"type":"Feature","properties":{"depth_m":4,"elevation_m":560,"shore":false},"geometry":{"type":"MultiLineString","coordinates":[[[7.979442460402732,46.747971520863],[7.979094813719824,46.747476821833985],[7.978842252474677,46.74684130409408],[7.978566420687363,46.746675981466055],[7.978506560961713,46.7464729806142],[7.978300448205965,46.74632117220409],[7.977696042387019,46.74615292813285],[7.976616685938449,46.74558986821357],[7.9760782254061064,46.74548502127524],[7.9753962614820875,46.74522341320381],[7.974149408887652,46.74489280878408],[7.973804019274865,46.744740349647785],[7.973560980006326,46.744528659741746],[7.973197034650234,46.7444366194697],[7.972931110642059,46.7443054833856],[7.972833913323708,46.744023024734204],[7.972975198295373,46.74328744651201],[7.972950247354901,46.743086825282106],[7.972544980607621,46.74158867722221],[7.972298769188241,46.741267252524516],[7.972376715863613,46.7410247704474],[7.972340221811283,46.74091496010289],[7.972250877809415,46.740840992399946],[7.9717633890614925,46.740660737540146],[7.9711813038653005,46.74017457470309],[7.971034733087967,46.73990595502752],[7.970341226490454,46.739431173870294],[7.970311451749845,46.73932285187386],[7.9701558246493045,46.73930594456051],[7.969893065410747,46.739082194508256],[7.9695190432209735,46.73889377411519],[7.968932514225991,46.73821091263151],[7.967604970932242,46.737821015695076],[7.967341083893734,46.73770075099734],[7.9669060352172,46.73736989750402],[7.9652250501489394,46.73674585783852],[7.964541572947882,46.73663044361568],[7.963117639991134,46.73654177087995],[7.962493924458689,46.73655441993854],[7.962168733212194,46.73661938395083],[7.961230167598908,46.73659094609891],[7.960562477817817,46.7363980822877],[7.959663624557814,46.73586761899832],[7.9591025094241585,46.73562771709862],[7.958816445055522,46.73528293051895],[7.958817415397381,46.73510385875911],[7.9589532547551025,46.734752526852155],[7.959228011220274,46.73454612036062],[7.959241082605615,46.7344009879827],[7.9591315454762155,46.73431670313576],[7.958893340740489,46.73426865398477],[7.9583935827924615,46.73395414715745],[7.957981516492468,46.73316490801231],[7.957504316119181,46.73264065118768],[7.957311271389987,46.7325327794716],[7.956836161719238,46.732407854180636],[7.956571374878724,46.73227032414702],[7.95572066085925,46.73204082201761],[7.955048405124104,46.731778401492264],[7.954421024334766,46.731731795877316],[7.953564433045852,46.73175395746531],[7.953166833071796,46.73168573590803],[7.952857863744773,46.73157141615416],[7.952504686914788,46.73116403639113],[7.952259076017382,46.73052909484774],[7.952125302839972,46.73037879429118],[7.9519349661494125,46.73026754598315],[7.9517877977796605,46.73007729258938],[7.951444234577525,46.72982765000641],[7.95086563605374,46.729484246467784],[7.950480303691817,46.729321011562384],[7.950311907432198,46.72918705619246],[7.949644434047732,46.728975524925886],[7.949387536361694,46.728734708994956],[7.948776262980781,46.72835865189142],[7.948619404074292,46.72792316243877],[7.948599970463275,46.727628704759],[7.94845488260283,46.72745034804195],[7.948204498744509,46.72735230627499],[7.948072713013433,46.72722898806711],[7.947339494196404,46.72683237232785],[7.947001388859465,46.72668982129806],[7.946352584404992,46.72660874161798],[7.9459154929759634,46.726489746127086],[7.945657299696744,46.726346170535074],[7.9452882969801815,46.72598958327056],[7.9451163642339235,46.72591962199545],[7.944561004770512,46.72550105096403],[7.943883994681232,46.72517307081527],[7.943762207063292,46.72506113690385],[7.943665596116711,46.72505636461792],[7.943607581478074,46.724968319857076],[7.943446567174865,46.72494629058131],[7.943396583082522,46.72486224926755],[7.943290383450829,46.724882625883076],[7.943078188684793,46.724760403815004],[7.942397549042783,46.72462476680285],[7.9415888987946595,46.72431755782188],[7.941071112815258,46.72395523413783],[7.94060924954053,46.72370634931952],[7.940334065137173,46.723382455765254],[7.940149415107231,46.72324861985595],[7.939168903653557,46.72278612783378],[7.9384018997506045,46.722319535965724],[7.937283350787469,46.72179704606219],[7.937016352825846,46.721581722225615],[7.936628946241291,46.72146370693887],[7.936456509367025,46.72128798209905],[7.935964822587048,46.72104561346912],[7.935770196570065,46.720853333276885],[7.935512598991816,46.72073307596465],[7.9350381128364145,46.71942067768876],[7.934880552411073,46.719312524069856],[7.934841517182813,46.71920093178139],[7.934570330360082,46.7189129626362],[7.934331377445377,46.71879062469034],[7.933913084774864,46.718458098227764],[7.932892616898464,46.717850275301835],[7.931986672630795,46.71751781807328],[7.93130319363681,46.71701750709149],[7.931134158382605,46.71697472419215],[7.9308082466597405,46.716733462625335],[7.93047388359344,46.716631003325126],[7.929842506992292,46.71612448615503],[7.929201718554869,46.71587649575111],[7.928250861164813,46.71541085050318],[7.927671120043192,46.7152284649113],[7.926779436079724,46.71470850825168],[7.926277552760245,46.71423490871071],[7.924813321731927,46.713636680062066],[7.92342811338869,46.71334854588158],[7.922812465058447,46.71294360102008],[7.922698765524511,46.71271190548304],[7.922395455741448,46.7125777702667],[7.9223048483573635,46.712424238603184],[7.921250999802118,46.71207086822445],[7.920864552106906,46.71201061961782],[7.920678018144548,46.71191527068125],[7.9202702238943425,46.71156103367312],[7.919637639372989,46.71144491226149],[7.919354944872478,46.711150847630925],[7.919128694357195,46.71079172225324],[7.918935890627339,46.71066256425858],[7.918531308509747,46.71057635066798],[7.918341537763527,46.71046302924804],[7.917901346240776,46.709879782944064],[7.917542972066127,46.70977260100956],[7.916938578700513,46.70952443441825],[7.916785799654839,46.7094068444833],[7.916374395314468,46.70926787442226],[7.915680062421444,46.708853316223106],[7.9154041748813695,46.70854564800444],[7.915394805408136,46.7084426780433],[7.915146635372254,46.70805529106445],[7.914693123299482,46.70772027775976],[7.9139978141143,46.7074228996613],[7.912845495269088,46.70717866413838],[7.912718047160864,46.70705045669206],[7.9123291517760315,46.706904164167454],[7.911523196379724,46.70642437558953],[7.911157105459188,46.70633237228992],[7.909559400975889,46.70570801785848],[7.908970537626003,46.70558952528898],[7.907751271654492,46.70522564730827],[7.90748186840428,46.70522544930882],[7.907289600807058,46.70516615664794],[7.9064769732181395,46.705073541204186],[7.906047207701466,46.704951611027106],[7.905668074106181,46.704897569149985],[7.90549960614489,46.70479256826708],[7.90524432546974,46.704805755727435],[7.905101779208684,46.70472688861389],[7.904880976572996,46.70469862646108],[7.904416911464733,46.70454856590245],[7.9042132139145265,46.70455675497443],[7.9035938847415315,46.704379392521616],[7.9030449389248485,46.70430129520937],[7.902456590408434,46.70415245170441],[7.901653787579894,46.70386373817357],[7.900110025672859,46.70288823071767]],[[7.921032095482682,46.689913076879954],[7.9212794861525495,46.690136939779954],[7.921444329583089,46.69021834612927],[7.921589474968666,46.690516559034734],[7.921985892216625,46.690774648996104],[7.921982373769647,46.690884096104824],[7.922091617428104,46.6910425778501],[7.922409691567678,46.69110468579331],[7.922568410275023,46.69123740974039],[7.922826065327761,46.69128381432776],[7.923036733579424,46.69144665065034],[7.923249671674752,46.691493603842495],[7.923358751888709,46.69157644956127],[7.923409208681114,46.69170117604804],[7.923536465745873,46.6917626516812],[7.923919803646187,46.691859282416736],[7.924219777224737,46.691857242246776],[7.924448738920149,46.691939792847975],[7.9245146267920425,46.692009444715936],[7.924923066022502,46.692101386461644],[7.925507231091994,46.69245812039798],[7.925872404033547,46.69259084968731],[7.9261267905418125,46.69278839691115],[7.926348211408022,46.69319212104558],[7.92653889702461,46.69329288527859],[7.927619420207965,46.69346518898411],[7.927818360462499,46.69358059665228],[7.928119327227111,46.693632318072424],[7.9283421293448315,46.6936121568351],[7.928796795706993,46.693717721789326],[7.928968301397379,46.69366348809039],[7.929205692076129,46.69373822972234],[7.929404489789825,46.693694906769075],[7.929652088468309,46.69371891302668],[7.9297405712565565,46.69364552361983],[7.929872150396352,46.69362167673905],[7.930746199526253,46.693652698628085],[7.9310337639105635,46.69360340384296],[7.931389552952819,46.69368534848663],[7.931744013873793,46.69389243645639],[7.932399631280762,46.69408220891382],[7.932805578605212,46.69429447730185],[7.933012745878846,46.6944616013999],[7.933365714116027,46.69462435118734],[7.933814834474131,46.69469050121439],[7.934424039328391,46.69497534067568],[7.93559323907668,46.695860117404855],[7.936032400786,46.696135523294906],[7.937165943350732,46.696604749613385],[7.938004774188067,46.69678472113172],[7.93855808849999,46.69702393217235],[7.939571027768078,46.69767886554749],[7.939915879409004,46.698164521269526],[7.940078573808665,46.69826789567243],[7.940184257006387,46.69852142411003],[7.9404244145510035,46.698690198032416],[7.940598068093357,46.69889630802413],[7.940757040717071,46.69950780907526],[7.9412543734157435,46.699812256016955],[7.94130404980952,46.69996306556166],[7.94140230861423,46.70004581583864],[7.941336534851711,46.70013802318255],[7.9414013505293175,46.700270297919644],[7.9420005261917845,46.70047380251982],[7.942285827037215,46.70065581303904],[7.942246339298771,46.70077086188812],[7.942404302315752,46.70090397555076],[7.942348059997174,46.7011293132626],[7.942406570387747,46.70122301484477],[7.942808648397866,46.701502462558736],[7.943024533479761,46.701538211360074],[7.943046965562377,46.70161044641297],[7.943123280463162,46.70161523676419],[7.9436081368814015,46.701932736375944],[7.943863258557812,46.70216644860691],[7.943864569079341,46.70231640956339],[7.9441565635883284,46.702453245563035],[7.944163479566015,46.7025719307517],[7.944289505075639,46.70264043241808],[7.94430149093784,46.702765688967716],[7.94445686409425,46.702949231986906],[7.944956244431102,46.703082808134575],[7.945180302688115,46.70322102225737],[7.945309611145251,46.703367410711266],[7.9456253507128265,46.70349197545978],[7.945890919508896,46.70370299470452],[7.9464171318675945,46.70393421018592],[7.947191401945404,46.7045485325895],[7.947826210688786,46.70491670266165],[7.948025138668869,46.70515209554294],[7.948278679334302,46.705246417161376],[7.948562501557197,46.70562292299956],[7.948959589339349,46.70585726719042],[7.949284873421432,46.706143890129376],[7.949890705552436,46.70645344566801],[7.950576215703177,46.706881014781274],[7.951654245077559,46.70731286198955],[7.952117608425342,46.70746062900739],[7.952303384080266,46.70747193757051],[7.95266007667802,46.70761378629805],[7.952921576271476,46.70764642350457],[7.9535920771213915,46.70800709644054],[7.954016482021625,46.7080918368985],[7.954158706424368,46.708169601110946],[7.954598301467238,46.70817135774643],[7.955032646850021,46.70805347603257],[7.955298333727649,46.707880870647514],[7.955778099804106,46.70785396065313],[7.957201923339997,46.70812458777681],[7.957767831522972,46.708399946521936],[7.9581307598129785,46.70834492456403],[7.958858442853153,46.70832836986641],[7.959235470508874,46.708405372599394],[7.959732229226458,46.70858209349821],[7.960034393862017,46.70857797941267],[7.960490516323818,46.708755116463465],[7.960822580568834,46.70905041955424],[7.96081153708926,46.70963838225402],[7.961047011608548,46.71008191627148],[7.961481540782929,46.71031394982956],[7.961749850412401,46.71056851288828],[7.961950478753084,46.71061321063439],[7.962155522790058,46.71072892660997],[7.962499502409987,46.71105993701746],[7.962575614994304,46.711229740947516],[7.9623828046905505,46.711462965707035],[7.962400662367161,46.711579611637],[7.962447133475883,46.71174600730903],[7.962678230419088,46.71202848154891],[7.962869738371983,46.71214346675591],[7.963482244659841,46.71236303512961],[7.964004841577473,46.712723715236734],[7.964458852590765,46.71291007582831],[7.9648118699495125,46.71315231337953],[7.964904060605535,46.71330005625528],[7.96503886093255,46.71334303694417],[7.965041556050165,46.71329615706681],[7.965162910576541,46.71330412546569],[7.965850322829689,46.71353261931388],[7.9660879012045775,46.71351721005354],[7.966254403003364,46.71343941989383],[7.966376162365379,46.71324377706115],[7.966346731229228,46.713073274145735],[7.966082362945207,46.712779842299604],[7.965547763681257,46.71254169413689],[7.965634233645201,46.71218467960168],[7.965999563100655,46.7119678793847],[7.966628488608242,46.711781488216],[7.967675968868882,46.71167471887851],[7.967948610104511,46.71173232306436],[7.968372276508796,46.712217888015935],[7.96869037004442,46.712480956706095],[7.969073215891873,46.71273585252171],[7.969454718753753,46.71290827195015],[7.969780075862591,46.71296205543203],[7.970408201819455,46.71292973409099],[7.971426112086121,46.71304821189972],[7.973012831139523,46.71343990857884],[7.973583627598758,46.71367995732153],[7.974099384722829,46.713994259788876],[7.9747752156923335,46.71425950167435],[7.975225394238201,46.71460005051123],[7.9764271229485075,46.715123657902105],[7.97710384751941,46.71558880185076],[7.977460549910445,46.7157025877967],[7.977926344917275,46.71601663205202],[7.978018760538641,46.716199833372094],[7.978223222230184,46.716400910382895],[7.978836027552027,46.71678830862918],[7.979237644097712,46.716882589836366],[7.97970494163891,46.71714349128231],[7.980406616055783,46.7173692484421],[7.980586427637427,46.71751863207429],[7.9812174431429845,46.71772760980827],[7.9819076728284335,46.718284885018186],[7.982138776816899,46.71835361879315],[7.982826418605432,46.71870940654088],[7.983970922583347,46.71950416658042],[7.984556758448979,46.71969389303959],[7.985980974298444,46.72034629721616],[7.986677486923156,46.72100797153938],[7.987125378953048,46.7211760555044],[7.987426010035249,46.7213707980327],[7.987587472742819,46.72160862348048],[7.98762474878571,46.721793593423385],[7.987735243022113,46.72187490491102],[7.988024056152699,46.721907699456125],[7.988514279001281,46.72209151470373],[7.988693111256868,46.722227028027305],[7.989824671424966,46.72279250116292],[7.990574564118266,46.72300834704383],[7.991655517550638,46.723481211249805],[7.992214916778728,46.7237648786043],[7.9924809319958845,46.72395226430242],[7.992804706445944,46.72408777887405],[7.993133582518318,46.724364553979854],[7.99356647993379,46.72463581214264],[7.993831193356336,46.72469823299418],[7.994128603099279,46.72485403133046],[7.994841904613625,46.72496099059659],[7.995093382931083,46.72505516478742],[7.995325416665119,46.72519312525493],[7.99558580753863,46.7252532602271],[7.995800260504426,46.72543039172496],[7.996105532446161,46.72557259008461],[7.996562591476001,46.72572115279709],[7.996667462713654,46.725832222905865],[7.996931426465741,46.72597558344205],[7.9982555456346525,46.7264072286805],[7.998847806208428,46.726674492466096],[7.999754926355583,46.726907750221784],[8.000146914575023,46.72691821068946],[8.000402393369829,46.72706066041487],[8.00094684165587,46.72716308666092],[8.001618798344477,46.72749609800819],[8.001855248515128,46.72753560168825],[8.00211011002138,46.72766205632482],[8.002245928199592,46.72781253170234],[8.002934831426186,46.72825716017989],[8.003823178829851,46.72862616947521],[8.004151031870881,46.72886963409564],[8.004923773667787,46.72902888803515],[8.005166330873594,46.7292106844067],[8.005578088066498,46.72941894239266],[8.005842621456079,46.72953785632244],[8.006090344812929,46.72959077082745],[8.006146518291041,46.72969880881578],[8.006248217415079,46.72974817553108],[8.00741577217202,46.7301311156963],[8.00805894689995,46.73027938025019],[8.008787021155,46.730644697226474],[8.009818936113719,46.730879663156834],[8.010083195889857,46.73108982997408],[8.010397572358789,46.73118699330241],[8.010787676116585,46.731395493932915],[8.011216807638776,46.73148414588547],[8.01190756005169,46.731524651782834],[8.012196898844302,46.73158091548521],[8.012474397910852,46.73166301060437],[8.012839194640282,46.73187985347457],[8.013361071315384,46.73195422268603],[8.013982169466875,46.73212047550733],[8.0146484739392,46.73250259154916],[8.015766635895757,46.73300371929948],[8.016019602875089,46.73317752396647],[8.016781481959848,46.73340431054467],[8.01711176941602,46.73361888569265],[8.017749448532799,46.733805814196714],[8.018308243215694,46.734033431261885],[8.018580928760565,46.73423539469165],[8.01898361074048,46.73470589321659],[8.019480227620955,46.7349756055126],[8.020149850458743,46.73519848495352],[8.020647501861605,46.735430899775935],[8.021386427777035,46.735962870800236],[8.021638732073322,46.73603234339634],[8.021932714911083,46.73620885829149],[8.02214866927015,46.736230739248164],[8.022409709585725,46.73636980120838],[8.022698076248533,46.73661094095078],[8.022800571229602,46.736899331593946],[8.023310579454318,46.73719616184419],[8.024042609595947,46.73720817281965],[8.024234014372471,46.73726186751288],[8.02454095998708,46.73727384993081],[8.025193483823507,46.737463458600864],[8.025534211916943,46.737649700453],[8.025922551827772,46.73766827755364],[8.0263225512688,46.73764487338562],[8.026593686661206,46.73748978649362],[8.027070593888535,46.737516719524415],[8.027160045311364,46.737450068295736],[8.027445948974059,46.737422093468126],[8.027642570339088,46.737296327326725],[8.027841382137233,46.73727064470338],[8.028463917982526,46.737410211389566],[8.028806826077536,46.73743338517691],[8.029099022526497,46.73738627581022],[8.029643521124857,46.73745483053005]],[[8.029821999801298,46.75375381155011],[8.029463113025413,46.753807246420585],[8.02893702293785,46.75403564944841],[8.028169263997695,46.75452184513667],[8.027431947141553,46.75486273335143],[8.027028158448104,46.75493202920238],[8.026423708427103,46.7551830163478],[8.025559860540124,46.755272853044346],[8.02434730889223,46.755695296327886],[8.023379880314051,46.75570205953197],[8.022590640555888,46.75551985835007],[8.022317246621066,46.755499755603765],[8.021805931693162,46.755841278563565],[8.021222894378594,46.75604443358588],[8.020703032160238,46.75639069983641],[8.020536742628979,46.75639858143314],[8.020213619579286,46.75667604291091],[8.019790072663454,46.75679421510498],[8.019007446305556,46.75718839823377],[8.018446984819615,46.75730708081799],[8.017878737774916,46.75736525023609],[8.017001494682644,46.75768268022346],[8.01636977555594,46.757796207848806],[8.01576760945435,46.75769551275578],[8.014956646539357,46.757770239826705],[8.014686750516802,46.75775856603756],[8.014118121025213,46.75755335242793],[8.013381759094388,46.757020134153485],[8.013011461199104,46.756879405776424],[8.012211391445163,46.75646094311702],[8.012013512205453,46.756306994855095],[8.01125202723165,46.75613361676194],[8.010570683708712,46.75609052154826],[8.010173629556965,46.756008812564275],[8.010069852848293,46.75591782767368],[8.0102116762458,46.755779898431285],[8.010224422428374,46.75561776873564],[8.01002564176476,46.7554680945058],[8.00987620033385,46.755432823056516],[8.009492053854496,46.755516585450486],[8.00918708227709,46.75545070413247],[8.009045494065147,46.755463672125074],[8.008918026763585,46.755361263017676],[8.008623103934012,46.75527879601157],[8.008547869447824,46.75520313991248],[8.007860665926753,46.755003929033656],[8.007653549553824,46.75497648935136],[8.006867177752877,46.75500707481303],[8.00630570739293,46.75485219859466],[8.005987986529513,46.75484899091557],[8.004936364970897,46.75466533470855],[8.004261652665036,46.75480434922665],[8.003972586640245,46.75480896424427],[8.003704899234407,46.754900316932904],[8.003354466479934,46.75489053492727],[8.002899879584247,46.75497638635376],[8.00209949147636,46.754952188593556],[8.001723883448118,46.75507358349902],[8.00128078318299,46.75504757378209],[8.000506950262508,46.7551653115323],[7.998894023136908,46.75485441608699],[7.9985929471722015,46.754903766784025],[7.998211769037978,46.754848412709535],[7.997976693466584,46.754885915110094],[7.9974875220418005,46.75484700051812],[7.9970492537715545,46.75474491046296],[7.995762357941125,46.754289715004376],[7.995497048553989,46.75395928443574],[7.995074243264259,46.753798261894055],[7.994941782737622,46.75361477476955],[7.994692236652984,46.75355845320737],[7.994550234961093,46.753401486279756],[7.9943521642460675,46.753285209361415],[7.994193048653344,46.75330663712216],[7.993865942522908,46.75315474316639],[7.993681267256183,46.753139394229756],[7.993049416668535,46.75284456159323],[7.992851975342996,46.75282603482438],[7.992498264391625,46.75290084857655],[7.992270264163266,46.75288378228749],[7.992007931813779,46.75292651401154],[7.991533086810763,46.752806975504],[7.991359023808226,46.752809121987426],[7.991188283507657,46.75273694803311],[7.991081254503271,46.75263773072688],[7.990912442681626,46.75257614391962],[7.990805561564856,46.75236847403335],[7.990817141318582,46.75226069511247],[7.990548176525007,46.751992493760916],[7.990428831571801,46.75174959376884],[7.989657276162585,46.75107901186083],[7.989494333106359,46.75100834504478],[7.989314386489965,46.750977142922814],[7.988804681340889,46.750993244694335],[7.98850864081072,46.75090612551959],[7.988382711521529,46.750953679790165],[7.988202704354274,46.75094087232162],[7.9878465490191095,46.750863593937915],[7.987673658387177,46.75076808137438],[7.987410618040406,46.750730204916884],[7.986823793420293,46.7507905130204],[7.986379455489472,46.75072857689148],[7.986098079641801,46.750601566426475],[7.985475741627111,46.750145714299585],[7.985247770722215,46.75004743913823],[7.984744312072326,46.74967374729913],[7.984695660323234,46.74956317137505],[7.984537824157733,46.74950203549191],[7.9843941531176545,46.749305402187616],[7.983743831613472,46.7491366356502],[7.983443852425866,46.74899068163185],[7.98304913208262,46.74892858596753],[7.982535010138734,46.74857468071541],[7.982142369488956,46.748408069547004],[7.981597229988494,46.748335286808874],[7.981235875446295,46.7482367378817],[7.980310561398375,46.7482995011061],[7.979796346201785,46.7481767182723],[7.979450893308506,46.74797723816411]]]}},{"type":"Feature","properties":{"depth_m":0,"elevation_m":564,"shore":true},"geometry":{"type":"LineString","coordinates":[[8.02982380980785,46.7539190539541],[8.029447735940495,46.754005887697005],[8.029070294972229,46.75416176398715],[8.028082103364207,46.754731219575625],[8.027422251739422,46.754998609122495],[8.027368185688738,46.75506490703294],[8.027100379042254,46.75504822331211],[8.026620323865505,46.75527640539188],[8.026266109755726,46.75534435491681],[8.025692060199509,46.75534896101189],[8.02504009489583,46.75556574941664],[8.024742076019429,46.75560075145083],[8.024647635678667,46.75563650791243],[8.024576633945385,46.75575393281528],[8.024207915565162,46.75579931716766],[8.023626926281201,46.755795681381755],[8.022819395755898,46.75570990113383],[8.022759786641096,46.755646786357396],[8.022514767362544,46.755620520911584],[8.021926460113086,46.75586362930371],[8.021497743416269,46.756111794825195],[8.020695132172332,46.75640701325594],[8.020131933365967,46.756820866207526],[8.0188406666252,46.75731408716161],[8.016675742290822,46.757846601467726],[8.01579017868081,46.75795897187602],[8.015133512759869,46.757926142150794],[8.015004570778803,46.75787358323051],[8.014830645429223,46.757890103850826],[8.014630358000868,46.75784285186491],[8.014040795916637,46.75759815344756],[8.013145178835025,46.756972774260035],[8.012948189375193,46.7569373140709],[8.01201282447527,46.75641351600806],[8.011365973654048,46.756255170865515],[8.010097674274556,46.75607800930533],[8.009982371485819,46.755968973702906],[8.009909403464652,46.75598282303731],[8.009975890901394,46.755939149489826],[8.009932921469888,46.75561530444014],[8.009711640864866,46.755594173293694],[8.009480882089678,46.75567432630026],[8.009288006907658,46.75564231159445],[8.00909404341388,46.755567986383475],[8.008973595859255,46.7554548554404],[8.00853171262983,46.75536254273641],[8.007882642429085,46.755145465302796],[8.006788288808833,46.755080098095334],[8.005253347947463,46.7548315144152],[8.004721788917864,46.75479369559397],[8.00435594940559,46.75487738596692],[8.002718661325247,46.755076017480036],[8.00207560866048,46.75513938912007],[8.001674287030589,46.75512720814232],[8.001032884042639,46.75523225165392],[8.000495575811891,46.755253291036844],[8.000166841938324,46.75522206382606],[7.999588689243554,46.75505221386553],[7.99883078128364,46.75492274232242],[7.99786175600097,46.754959846258544],[7.997167070143164,46.75485932612645],[7.995955239839442,46.75445801869143],[7.995696000137016,46.75431642278499],[7.99534912830358,46.754001628115184],[7.995206732747492,46.75396669899119],[7.994455887554391,46.75351263680414],[7.993804501119623,46.753254749554486],[7.993262264816423,46.753097655923696],[7.993117133396818,46.75300370799352],[7.992894605975573,46.75295757841609],[7.992544027295054,46.75299079019773],[7.991617821088959,46.75294896667625],[7.991401139205117,46.75298400967431],[7.9912316120842615,46.75292556627838],[7.991020128517876,46.75277412149507],[7.990985657980844,46.752672142475866],[7.990899348149634,46.7526458695553],[7.990894351351876,46.75252205952937],[7.990757694298735,46.75228870698273],[7.990377266148994,46.75182008984204],[7.99004995635015,46.75151050116818],[7.989749767417494,46.751357242176404],[7.989563907392153,46.75118789571081],[7.989339409501387,46.75116438381577],[7.98922197439473,46.751104166116],[7.988629980772809,46.75110565883843],[7.987879995616631,46.75098011579055],[7.987640087774839,46.75087995070376],[7.98703352895298,46.750921265920155],[7.986286218275641,46.750795546658935],[7.98564476305926,46.750470880712875],[7.984423959204133,46.74951185396678],[7.984193477576696,46.74939648797157],[7.982954395927492,46.748993662079975],[7.982577511836955,46.74879238005747],[7.982444308547972,46.748663512708184],[7.982054808607507,46.748487818673645],[7.981420687333083,46.748393976641076],[7.98058526789188,46.748451745212854],[7.980283493530896,46.74842171838809],[7.979469330000252,46.748152008336774]]}},{"type":"Feature","properties":{"depth_m":0,"elevation_m":564,"shore":true},"geometry":{"type":"LineString","coordinates":[[7.972157037771395,46.71619974483621],[7.97215016272444,46.716322046173715],[7.972587698113096,46.71661536516529],[7.972668644610062,46.71682029493853],[7.972830266546563,46.71678065069182],[7.9729369233837515,46.71665185538554],[7.9727974218573605,46.71649867296757],[7.972318685195889,46.71615885978302],[7.972204846503422,46.716143235519326],[7.972157037771395,46.71619974483621]]}},{"type":"Feature","properties":{"depth_m":0,"elevation_m":564,"shore":true},"geometry":{"type":"LineString","coordinates":[[7.979193025354403,46.74788281667933],[7.97883869791571,46.74733486725038],[7.978721079094585,46.74686967349907],[7.978486211213358,46.74675303040457],[7.978415898262447,46.746615747146215],[7.978249761326359,46.74648979218824],[7.976861669716078,46.74583345906822],[7.976642637997375,46.74567409822233],[7.9764473338387845,46.74566720049022],[7.975691836816106,46.74547692494897],[7.974640938772702,46.745110321583894],[7.9741644731255485,46.744989324456846],[7.9736986154326,46.744794988122116],[7.9734897822220185,46.74458978565463],[7.973147330147145,46.744503662693624],[7.972757505924229,46.744332706323846],[7.97278918134178,46.7442778826901],[7.972579964737321,46.74396719738949],[7.972583843541849,46.74370971480342],[7.972503485665852,46.74361203774994],[7.972583940729185,46.74326171303923],[7.972648860358877,46.743257856340115],[7.972705428417651,46.74317169246985],[7.972698502939503,46.74278111574713],[7.972669383656961,46.74271856117834],[7.972610175946672,46.74271375537282],[7.972655686056369,46.742695056601086],[7.972568053046346,46.74253112464928],[7.97251435458262,46.74213062837466],[7.972368613650863,46.74190348548219],[7.972258612553171,46.74157066549164],[7.9722799213352,46.74147857643738],[7.972150006324762,46.74130339018297],[7.972166957166764,46.740959632177095],[7.971805937216696,46.74081927624138],[7.971530687418796,46.74064793391783],[7.971349084918419,46.74045756929268],[7.971121719828613,46.740344933209215],[7.970846070009531,46.73992146100201],[7.970727482591075,46.73983796701261],[7.970658615715741,46.73984452172414],[7.97028079005422,46.73952710589244],[7.969845187144862,46.73929355407132],[7.969742945983292,46.73913427565856],[7.969380282140452,46.738879360128784],[7.96872297228335,46.73825827568128],[7.9684422763388065,46.73819764271902],[7.967357970065901,46.737773654561266],[7.9672975500503265,46.737799445840864],[7.9672666857617305,46.73774216942615],[7.966646222331403,46.7374665244904],[7.9663692909001265,46.73740082249145],[7.965490267089852,46.737032900619575],[7.964428464319888,46.7368418132828],[7.964216431499384,46.73675275151491],[7.963865423133051,46.73673536703132],[7.96375904736093,46.736771550786955],[7.9636670673785375,46.73676232121751],[7.9636560785004304,46.73671675478502],[7.963396435963807,46.73669653809548],[7.963311648330952,46.73675556117024],[7.963015956367151,46.73673778507247],[7.9628551425285785,46.73670178488756],[7.962785721610243,46.73657545368815],[7.962332450721027,46.73658924478234],[7.962333116804548,46.736744272723875],[7.961890224262211,46.736827352926795],[7.96158642259326,46.73681928058764],[7.961514402807806,46.73676072473559],[7.961233666714592,46.736707801538266],[7.960824776135711,46.7367310899092],[7.9599730631372365,46.736267718982],[7.959942215846097,46.736182841894255],[7.959826492472519,46.73616708778659],[7.958871976628864,46.735678549056466],[7.958790668081608,46.735612819288676],[7.958788876466939,46.73545262398206],[7.958678183207824,46.73536527645149],[7.958691725360494,46.73504196524248],[7.958857504564264,46.73463126081218],[7.959044157147353,46.73451325136192],[7.958303271596966,46.73405247564396],[7.958043948187493,46.733628583693815],[7.957924378437333,46.73354282304733],[7.957887194657936,46.733371292143325],[7.957695874802498,46.73305800661018],[7.957492472417436,46.73284319701971],[7.9571044412884415,46.73257381198996],[7.956580538639521,46.732423694374326],[7.956568032237136,46.73236923745361],[7.956404953595736,46.73230534299994],[7.956263288225443,46.73235158395135],[7.955236862920781,46.732013406252115],[7.9551033392596056,46.732025893258694],[7.954658297478892,46.7319167182926],[7.953310854379437,46.73190996027188],[7.952628433149062,46.731669484728194],[7.952551243375405,46.73144120768577],[7.9523205465123965,46.731137922624335],[7.952199789370242,46.7305707863545],[7.951791487791545,46.73019578465664],[7.9517233929216955,46.73022194402213],[7.951671443045023,46.73018762507414],[7.951634569191685,46.730040873782805],[7.95139371155149,46.72986639616191],[7.951134114398594,46.72978768880071],[7.950905694823718,46.72957946565746],[7.950495066397426,46.72933266673922],[7.949752414949297,46.72916350959455],[7.949757465909579,46.72909727904179],[7.949674343807568,46.729100349634905],[7.949678875836693,46.72905254448965],[7.949188998331912,46.72869710417421],[7.948657549862689,46.728394049119366],[7.948411123856706,46.728161424261245],[7.948411069944076,46.72763039353382],[7.948318599665559,46.7275395363483],[7.947338774669468,46.72697126830724],[7.9465773846130405,46.726726043931386],[7.946327188717375,46.72673495545381],[7.945777359463248,46.72664256581386],[7.945423810166331,46.72641079691683],[7.944706572058282,46.72574089570343],[7.944390601689025,46.7255355122721],[7.944224970717006,46.7255082240855],[7.943707479125218,46.72521129133609],[7.94311060696554,46.724963814094394],[7.942413847899103,46.72481548354251],[7.941570632605184,46.72453901205775],[7.941026218181233,46.72418162707929],[7.94083934189062,46.72396358485172],[7.940653808537038,46.723932106074336],[7.940429006756405,46.72381057320536],[7.940174345709383,46.72343442336794],[7.939955101691745,46.72324753880103],[7.939439691456019,46.723037583542165],[7.939314624669544,46.72291469360417],[7.938242590847224,46.722364833305434],[7.9375742151299855,46.722090832976825],[7.937545011950479,46.72200364882352],[7.937258153194134,46.72193827072262],[7.936945631152974,46.721675792379585],[7.936600539758511,46.72158761983393],[7.936443396744866,46.72139378303667],[7.935890165577153,46.72110021822609],[7.9356712456623395,46.720874822718],[7.9352711391123245,46.7207076609366],[7.935110864564674,46.72044839262898],[7.9352185624776395,46.720372495973685],[7.935220983605418,46.720311450006946],[7.935110624069698,46.72031832566846],[7.935132003029774,46.72024069928713],[7.935050394532618,46.720236268323404],[7.9350523586863035,46.72015963489627],[7.934952547667545,46.7201543114449],[7.9349283016090455,46.71957816486602],[7.934649513880162,46.71924328067188],[7.934604047193721,46.71909073207948],[7.934022659627554,46.71865560814799],[7.933704154479894,46.71846720806873],[7.9336380357474425,46.71846997744329],[7.933626633518792,46.71841608897827],[7.933519264753854,46.71840351056831],[7.933431110820126,46.71829104214712],[7.932883482955637,46.71799705177293],[7.932381866680978,46.71779519117251],[7.932314653075925,46.71781547003871],[7.932271121516798,46.71774931532049],[7.93214736320854,46.71774218585485],[7.9318459873245635,46.71759778525482],[7.931734059378911,46.71760135404791],[7.931296052767721,46.71716529134038],[7.930808648056325,46.716912483196886],[7.930771630621916,46.716836062797306],[7.930432877437501,46.71670829955628],[7.929907173354426,46.71632907479743],[7.9298122825699435,46.71633325209846],[7.929527736824426,46.71613516799068],[7.928372505363063,46.71574379743549],[7.926758446380454,46.71501271364551],[7.926494196249833,46.71478333838543],[7.926329061555777,46.714406433577906],[7.926204306694737,46.714312565964775],[7.925650310999144,46.71411867175873],[7.92482113783379,46.713733520859066],[7.9240815724867995,46.71358804081208],[7.9237325822099205,46.71356730444112],[7.923417361992516,46.71346360079402],[7.923184044472988,46.713347233788454],[7.922486594050245,46.71276278435334],[7.922366332158566,46.712712360472324],[7.922236419067712,46.71254215539086],[7.9222484335145245,46.712443755168366],[7.922067101333343,46.71244348838557],[7.9217498291965445,46.71228910739981],[7.920713143746449,46.712038155796286],[7.920430742026806,46.71186447224236],[7.920280272931141,46.71165844107026],[7.919770941838892,46.71161658128406],[7.919515692828953,46.71155283374759],[7.919151269321082,46.71132144351181],[7.918929176992094,46.711007791205155],[7.918800147161946,46.71092352287515],[7.918281261782172,46.710785614201136],[7.918021817352176,46.7106404344328],[7.917855082024646,46.710461275372886],[7.917808829639863,46.71028471411129],[7.9177280599888284,46.7102830469458],[7.917882136171768,46.710089273077855],[7.917657995735932,46.709879526551305],[7.916348625459619,46.70935433137146],[7.915848009364044,46.709015570572156],[7.915579457397633,46.70889025872506],[7.914916692309279,46.70796693257686],[7.914592963830641,46.707761616412014],[7.913952013242775,46.70748475541435],[7.913578960461477,46.70741432439465],[7.913388292009827,46.70731990735034],[7.913261612046758,46.70734485707811],[7.9129867543248205,46.707225052708324],[7.912715696155897,46.70719239065836],[7.912672328975259,46.70710845245573],[7.912342661741832,46.706993848627874],[7.912257461870451,46.70703071531122],[7.9120356858659076,46.70699735248962],[7.911909799350768,46.70686352439461],[7.911700466026364,46.706763586605234],[7.911745163922756,46.706666635345385],[7.9115918024787675,46.70651762813534],[7.911051983539722,46.70634457350222],[7.910633735795972,46.70613934027296],[7.910440847081208,46.70610554011824],[7.91039807287334,46.70604558098314],[7.9099752406447195,46.705966357207615],[7.90962107429002,46.70578651133821],[7.908719146221876,46.705593169124484],[7.908262325762255,46.705415171878734],[7.907969457798413,46.705399401120275],[7.90778488529286,46.70529575615769],[7.907433439209787,46.70528192483649],[7.906217752229118,46.7050969390392],[7.905716623248528,46.70494406694059],[7.905480672364632,46.70482142271239],[7.904943256949279,46.704742315851476],[7.904395614214179,46.70455662289947],[7.904042548678421,46.70454842801297],[7.903986172881279,46.70449634813137],[7.903890758259113,46.70455746643793],[7.903061736444677,46.70435848411784],[7.902885990309753,46.7043720444803],[7.902285289870751,46.70421011667706],[7.902141703484564,46.7041144822399],[7.901944766905799,46.70408292409327],[7.901672514428298,46.7039601044459],[7.901159798999515,46.70365920021562],[7.9007799902371465,46.70336856866485],[7.900604014991972,46.7033106471341],[7.900111010385031,46.70300355875752]]}},{"type":"Feature","properties":{"depth_m":0,"elevation_m":564,"shore":true},"geometry":{"type":"LineString","coordinates":[[7.921349737952624,46.68991173418696],[7.921711317421807,46.69045689704468],[7.922017570746937,46.69067115472366],[7.922146034456184,46.690860671025206],[7.922544343293291,46.69101405054908],[7.923619153211411,46.6915658711809],[7.924637016270162,46.691783780334106],[7.92478248921035,46.69185869751241],[7.924879127137818,46.69198954164675],[7.925099627555788,46.69206433674102],[7.925171119932366,46.69215377279803],[7.9255944162302905,46.692270773710476],[7.926069598282353,46.692597501291324],[7.926484462353504,46.69314701036581],[7.92666490521927,46.69315586450197],[7.927069688785532,46.69332365665059],[7.927265911608421,46.69331653799317],[7.928433975118503,46.69354902707035],[7.929267837907381,46.69358771708886],[7.929857692797903,46.6935283819486],[7.930670515530971,46.693530584859],[7.9309522791298,46.693478913434994],[7.931291935767496,46.69348069561324],[7.931556977831415,46.69358390125152],[7.931625371228834,46.69370054957229],[7.931754451991821,46.693771210766116],[7.932158684472374,46.69387066521758],[7.932844436780581,46.69420326396184],[7.933060147869952,46.69432396933636],[7.933135503619611,46.69442235239334],[7.933396465599551,46.69454026137377],[7.9337129153530705,46.694551213563464],[7.934337602002763,46.69478520580777],[7.9346728084441835,46.69498210427229],[7.936062606309657,46.69603082606718],[7.9366527856244495,46.69626280608643],[7.936798066944837,46.69627833745353],[7.937348993994916,46.69655469885971],[7.937886447315291,46.6966315386742],[7.938714705100839,46.697051861473],[7.938804244709358,46.69715132113658],[7.939579036931627,46.697596448083],[7.939963970032146,46.698101259474825],[7.940138329390284,46.69821474767349],[7.94022188766418,46.69845815418544],[7.940521819054059,46.69869120919042],[7.9406677909923165,46.69891396580253],[7.9406559153292795,46.69905151679246],[7.94091347647062,46.69951537898566],[7.941270782131815,46.69972924373159],[7.941316498917583,46.69984514952579],[7.941509045057089,46.699963251307764],[7.941537107864756,46.70009709116876],[7.9413897914934575,46.700111431376484],[7.9413979953013865,46.70018933370536],[7.941568002807094,46.70030341462257],[7.941647869769647,46.70026720604966],[7.94187198426818,46.70032938600778],[7.942289473382895,46.700543396097544],[7.942293481520774,46.70077984750701],[7.942489114056373,46.70087358276142],[7.942414837069353,46.70103538274235],[7.942438774383314,46.70113033432564],[7.943135805463772,46.701577264686364],[7.943325784816625,46.70176945407911],[7.943584172035622,46.70187987588094],[7.943651703330254,46.702003897308245],[7.943728239602061,46.702014119660355],[7.943888775408455,46.70217268663164],[7.94389005236761,46.702285486638566],[7.944205148795977,46.702406630789405],[7.944198727615061,46.70256026922333],[7.944342091557496,46.70264132397249],[7.944360769355815,46.70276625401945],[7.944456742830726,46.70286922506804],[7.944758370204677,46.703002346630626],[7.945018584059981,46.70304441702995],[7.945294089250113,46.703226490508435],[7.945429343093777,46.70338075963605],[7.946517562921102,46.70386387615821],[7.947171399094018,46.7044489137095],[7.947805110606487,46.70480208401123],[7.948093558586623,46.70505678704059],[7.948613065440335,46.705399496680066],[7.948826668540375,46.70563605503442],[7.9490929342375045,46.7057772034109],[7.949398506173447,46.706124086169616],[7.949730943052689,46.70632178966225],[7.950098487398725,46.706463570796366],[7.950619712570784,46.70682751142812],[7.9510582445871245,46.7069293272538],[7.951181506263082,46.70701877567161],[7.952185231591256,46.707418153192926],[7.9525903334027666,46.70747048440225],[7.952775589906325,46.707572893666345],[7.95303952474974,46.70762233254076],[7.953326389418075,46.70781096537714],[7.95389407547719,46.708002306704124],[7.9548161920504015,46.707775517033596],[7.955870448369291,46.707732136790895],[7.956089241682802,46.707855006851666],[7.956625917440054,46.70797116339073],[7.95666551339987,46.707910964639005],[7.956939160953874,46.70793629601463],[7.957041768238616,46.70803890260464],[7.957366825036622,46.70819927644291],[7.957660946746905,46.70827428612662],[7.957739288438724,46.70823029198818],[7.957927241297186,46.708330296815994],[7.95799193051959,46.708327150968145],[7.95797424408594,46.70826258851732],[7.958538402977995,46.70827677107518],[7.958787154373644,46.708223337327965],[7.959509269222341,46.70834289936566],[7.9596451489585975,46.708292065582306],[7.960389468013623,46.7085859108574],[7.960635281993539,46.70873741693281],[7.960689535747676,46.70882088262579],[7.960900087377399,46.708885030447945],[7.961019881852667,46.70898025938394],[7.96099944905512,46.709258292175406],[7.96104098312698,46.70928533206009],[7.960982667479249,46.709348595546345],[7.961048010984299,46.70937648904339],[7.960985892689851,46.709396779607545],[7.960989842324534,46.70949148597421],[7.961087531172956,46.70989713968343],[7.9611722674137715,46.70992075239418],[7.9611317917321465,46.70997075564843],[7.96119697115345,46.71000593630766],[7.961273556387868,46.70994804047462],[7.961336824855026,46.70995871659308],[7.961268482299913,46.71005755002983],[7.961751756761538,46.71041557772291],[7.962210951234476,46.71060118579439],[7.962540269658337,46.71096856984063],[7.962657828986227,46.71097145774902],[7.962725557826608,46.71112766261679],[7.962673115199165,46.711165415259615],[7.962610072818817,46.711679843216295],[7.962475901042764,46.71173612403204],[7.962546778259158,46.71185956131145],[7.962724226195294,46.7119206102511],[7.962768521629381,46.71204325183465],[7.963062080107271,46.712159684332654],[7.963455783923489,46.71207458458066],[7.963580320270479,46.7122730323844],[7.963883968148476,46.712545815151906],[7.965008534533114,46.71318223516632],[7.96538745233805,46.71329309569482],[7.9657540097934865,46.7134867812132],[7.965897516876443,46.71349041860444],[7.966216843722406,46.71338072574644],[7.96628174106619,46.7131733544825],[7.96615790550898,46.712966207539075],[7.966076681837214,46.712946765273436],[7.965966418281674,46.712811493834536],[7.9652748377472316,46.71249662548787],[7.965274057446986,46.71241255552337],[7.965088581752585,46.71223678974181],[7.965111404901096,46.712206090229785],[7.964911522373844,46.71207370475358],[7.964964107603238,46.711949978771855],[7.965041184839094,46.711942705796666],[7.964979315202114,46.71191081347613],[7.9649892026368345,46.7118128589872],[7.965106204547134,46.711696608243855],[7.965005162767292,46.711650935253076],[7.965035067828769,46.71158201647159],[7.965187553220817,46.71148891884181],[7.965291316504685,46.71152937062335],[7.96569949700511,46.711309630009566],[7.966057052514979,46.71119469648648],[7.966716819734092,46.71112069821384],[7.96704498308985,46.71112850856714],[7.967302727681194,46.71122647485414],[7.967384130925677,46.71132327822238],[7.967660301847982,46.71141300829647],[7.967896967337055,46.71156439727571],[7.968500927776177,46.712229957012404],[7.968789937149029,46.71247050027623],[7.969041734239128,46.712603771317326],[7.969098772440876,46.71257616849666],[7.969110040709299,46.71265687932937],[7.9693872242858355,46.71277015122836],[7.969503084234072,46.712764692007454],[7.96970906913117,46.71264368687231],[7.970017809068559,46.71270347510571],[7.971270200584169,46.71278787570873],[7.971372451625799,46.712889103834826],[7.971885036148987,46.71301525046639],[7.971990609165824,46.71308850396231],[7.972160641645621,46.713011651171975],[7.972316973749435,46.713065173554966],[7.972305284601254,46.713131670266165],[7.973323837335679,46.713404089203735],[7.974167439887865,46.713910514709866],[7.974826615291317,46.71418045818041],[7.975266628869642,46.71455104618094],[7.975747017726256,46.71477245615066],[7.975994492208546,46.714802317933575],[7.976097854505663,46.714894334049994],[7.976759060716843,46.71518476701222],[7.977156405266932,46.715475271405],[7.977653028705793,46.71569803614239],[7.978027474149828,46.71596173053826],[7.978133221800686,46.71615581653448],[7.97835379704407,46.71638303959069],[7.978866516835851,46.71670735619812],[7.979306792782394,46.7168209748861],[7.979443945758417,46.716944052005374],[7.979755688230377,46.71708326762587],[7.980423927460867,46.717277383379155],[7.98065128899424,46.71748734310474],[7.981270235029624,46.71768621271386],[7.981985036163127,46.718245556645826],[7.9821758944482,46.718289662747786],[7.98297350351394,46.7186823751589],[7.983586171088205,46.71916552574254],[7.98409333519023,46.719474049119114],[7.985102038308848,46.719873402580816],[7.985657929782037,46.72015364632105],[7.986014829083987,46.72026916788729],[7.986294945493596,46.72049142154809],[7.986639013028835,46.720903104593326],[7.987205193817162,46.72110889717817],[7.987519353933327,46.721332342664844],[7.987744633993077,46.7216625256701],[7.987769920827775,46.7218094025259],[7.9880479114117895,46.72182503131309],[7.9883890343959045,46.72198254128419],[7.988610752055752,46.7220276035894],[7.989811277214545,46.72272205764501],[7.990133235317347,46.72278612681072],[7.990626441853806,46.72296345072743],[7.991126086358816,46.72321227505426],[7.99136800044129,46.72326934250837],[7.991739767196451,46.723438568505124],[7.992126573163059,46.723686315701976],[7.99231633713098,46.72373070709653],[7.992769399690694,46.72407750620545],[7.9930157411905425,46.72413970322978],[7.993206016544698,46.72436997749255],[7.993610091167033,46.72461145580441],[7.993869565156981,46.724675755138705],[7.994040126120908,46.72477312267271],[7.994207506125931,46.724774845317164],[7.99424417965651,46.7247233555178],[7.994405885646256,46.72475083313358],[7.994984666920385,46.724936123806486],[7.995354633834522,46.72510745185579],[7.995338039805923,46.725134708712176],[7.995622762101165,46.72517457465431],[7.995855887214725,46.72537629014586],[7.996318762005341,46.72559042199146],[7.996591789207057,46.72566414842326],[7.996858580943446,46.725872381191486],[7.998165722214359,46.72631842258408],[7.99888250295667,46.726621904397035],[7.999925671866202,46.7268814533902],[8.000189375630347,46.726880220027695],[8.000309546913302,46.7269772232948],[8.00060906942854,46.727052689947364],[8.000976783392156,46.727087447420786],[8.002173569568205,46.727614290953724],[8.002249867732795,46.72772120602304],[8.002597824842091,46.727890424394396],[8.002718336427252,46.72800434435472],[8.00311943875916,46.728243860826865],[8.00400972887145,46.72865712685838],[8.004287973310484,46.728886713426334],[8.004496819954444,46.7288755227294],[8.00497100386603,46.72898300971307],[8.00570774408154,46.72941979198441],[8.006154739165456,46.72955115769053],[8.00629887412814,46.72968606040165],[8.007191590833402,46.72994497763149],[8.007586602621407,46.73011597965867],[8.008072747637545,46.73019736069863],[8.008255391581594,46.7303025091129],[8.008464297726059,46.73034857744711],[8.008716283670145,46.73056300063345],[8.009966111896727,46.73079873942234],[8.010152160868888,46.731017393419066],[8.010421717343563,46.73108140693351],[8.010832057859902,46.73135516879611],[8.011542633998381,46.73146890146805],[8.012088705920322,46.73146543231936],[8.012654651295703,46.731625690243774],[8.012790164837536,46.73175979155924],[8.012836468444062,46.73173298549934],[8.012957336953251,46.73180134775177],[8.013555637476763,46.73188122392388],[8.014030950974595,46.732031568198785],[8.014518512407355,46.73236218543148],[8.015267067906406,46.73267718005653],[8.016209152042558,46.73319683288671],[8.016935703672669,46.73334879997029],[8.017282354354295,46.733549528360314],[8.017819701972577,46.73372727637228],[8.01798628203606,46.73372491124926],[8.018353444231183,46.733899129994164],[8.018664747251865,46.73412256784018],[8.018972288174504,46.734629946114055],[8.019541254554031,46.73495652112938],[8.019935373860152,46.73509222207979],[8.020185068092632,46.735122786774106],[8.020582681773606,46.735316579906744],[8.021421571535546,46.73593741358143],[8.021577728529449,46.73595184641611],[8.02195710232156,46.73616876586544],[8.022147062976288,46.73615475180654],[8.022305407295685,46.73622015108951],[8.022711994986901,46.736585277018214],[8.02281837270141,46.73689028983066],[8.023188818274814,46.73712141010967],[8.02341359294169,46.73719256695656],[8.023967017347807,46.73718367812424],[8.024909117182494,46.73731861252427],[8.02514151207876,46.7373779065186],[8.02554935038567,46.737601531662335],[8.025920811577173,46.73766346480696],[8.02630683220114,46.73763122682547],[8.026499730849453,46.73746487524159],[8.027073989673491,46.737492143769444],[8.027182565325624,46.737432221732995],[8.027399378831545,46.73740624921901],[8.027675124038064,46.73723154333122],[8.028280521440445,46.737311485933965],[8.028521183801644,46.737397807440686],[8.029093328355076,46.73735135694516],[8.0296434198755,46.737445581463874]]}},{"type":"Feature","properties":{"depth_m":29,"elevation_m":535,"shore":false},"geometry":{"type":"MultiLineString","coordinates":[[[7.920235960540532,46.6899164382966],[7.920309843551261,46.69004399893969],[7.920915982129077,46.69036541854894],[7.920867673853176,46.69046608615556],[7.920969017234461,46.69065825510225],[7.921134467373355,46.6906859462504],[7.92121332160721,46.690797024196975],[7.92134464558179,46.69081231034831],[7.921467125483077,46.690996608235565],[7.921668469659552,46.69109532945659],[7.92171445680125,46.6912806703591],[7.921850371727893,46.69132385003899],[7.9219049802338315,46.69141035503759],[7.922125178178205,46.691386294839035],[7.9222740216047844,46.69156958064371],[7.922605371582314,46.69158386485194],[7.922650707476515,46.69172234974952],[7.9227435754448186,46.69169415039052],[7.922949150951365,46.691761186694706],[7.923025146360618,46.69201510862267],[7.92332413857012,46.6920420320098],[7.923466485611765,46.69227141962398],[7.9236882927363315,46.69216558802493],[7.923817146581872,46.692195067993836],[7.923976420458792,46.6921690232166],[7.924089731815698,46.6921884848171],[7.924117572947232,46.692304365472125],[7.924207767588538,46.69236711342717],[7.924304253524448,46.692347236388386],[7.924747608808322,46.692408076154614],[7.924755168047337,46.69247089665149],[7.9248552287673375,46.69257374072623],[7.9249855294849665,46.692611282325416],[7.925099621258374,46.692778322419954],[7.925289720415375,46.692825989841815],[7.925354139212833,46.69288469977025],[7.925523793060522,46.6928962014522],[7.925625825100427,46.69297091601078],[7.925644953093124,46.693123427817305],[7.925737452547844,46.69314853588671],[7.925852529856121,46.69335635735654],[7.92611069950313,46.69359463881674],[7.926507071524498,46.6937254787206],[7.927086621538416,46.69376805986033],[7.927272470538276,46.693843934580556],[7.9274301612436195,46.69381016449606],[7.927531536341961,46.693946185609015],[7.927872888450537,46.693935655668945],[7.9279486574101545,46.694043242908016],[7.928185692108509,46.6940108138689],[7.928293866050643,46.69394603996393],[7.928408884836238,46.69403647473802],[7.9287009204902,46.694054499213046],[7.928841375632595,46.694142809333286],[7.928977453986492,46.69401955109609],[7.929140013657704,46.69413627316341],[7.929260270443706,46.69405460654227],[7.929361773196851,46.694088929526224],[7.929403118061646,46.69403482279991],[7.929473873286213,46.6940492085331],[7.929481406340728,46.69409699709057],[7.929658593642861,46.69412125207808],[7.929716501881568,46.69405122363717],[7.929822607917576,46.69404250015233],[7.929939489017073,46.69396211572059],[7.930059384657225,46.69404508843903],[7.930150724757397,46.69395668164927],[7.9302499585484645,46.694031853926354],[7.93033375520487,46.693960742151],[7.930476254611402,46.694026318415695],[7.930579943525522,46.69398043455448],[7.930802580310754,46.69400092062809],[7.930931183434736,46.69408377393508],[7.9312287155475225,46.69405349749888],[7.931892355620026,46.69459515765199],[7.93226130948669,46.694631794525804],[7.932319420327003,46.694707349715564],[7.932429141929329,46.694695018902614],[7.932658669923686,46.69473955295235],[7.932692734484227,46.694794656912876],[7.933033433741752,46.69483232212777],[7.93311049845406,46.69491450560137],[7.933297993514422,46.69494316315459],[7.933514154496522,46.69511256826037],[7.9338598948835095,46.695223550821815],[7.934441722501988,46.69559607276251],[7.934780031884474,46.6959580638875],[7.935327058177375,46.69623541450638],[7.935387380519817,46.69633612839666],[7.9356394275520445,46.6963716437861],[7.935740996732788,46.69649044811908],[7.936243399944507,46.696637452552906],[7.936686770947007,46.69688335879831],[7.936818590469969,46.69684959864798],[7.937092504312389,46.697008759799125],[7.937232807735722,46.697042861417614],[7.937406597345329,46.697021943009986],[7.937772921464092,46.697134029258194],[7.937983605811957,46.697105851080025],[7.938095403351814,46.69719325869845],[7.938234948709558,46.697218780537625],[7.939161181307972,46.69782768829202],[7.939269740232229,46.697994189873235],[7.939258662235404,46.69817586995828],[7.9393270930995,46.698268728995515],[7.9394938463387525,46.69838408664758],[7.939666655277472,46.69841637848249],[7.939749434173141,46.6986083605221],[7.940040116520829,46.69875222036789],[7.940328934741979,46.699123273232026],[7.940325618809394,46.69942382402518],[7.940406008107657,46.69963121666686],[7.940888550257365,46.699880622747294],[7.940936635694218,46.700046057403355],[7.941039661721415,46.70015079041656],[7.941090435315844,46.70039713818956],[7.942109656945629,46.700895245077035],[7.942085091109095,46.7011481945946],[7.942002895880044,46.70121109487654],[7.942135268291898,46.70140148918694],[7.942425112513852,46.70160742579122],[7.943040958574645,46.70182000900685],[7.943327522810257,46.701989147556766],[7.94336372621845,46.70205879388966],[7.943639065978551,46.702192124555246],[7.944031683007634,46.70262733381307],[7.944087152035702,46.70279520827292],[7.944324373851617,46.702863505448356],[7.944342883047044,46.70298019621218],[7.944691018914565,46.70322188754588],[7.944798346895709,46.70324282148056],[7.944841059626967,46.70334121562682],[7.94539977775482,46.70363448769645],[7.9455110294484275,46.70382407229277],[7.945850059918803,46.7041003798759],[7.946165553817269,46.70417870650932],[7.946928569112787,46.704719712057724],[7.947139337006834,46.704779737215596],[7.947573987461069,46.705081404396566],[7.947786580448844,46.705173912578026],[7.948666679567294,46.705964751813305],[7.9487579129719785,46.70610574713369],[7.948741411434244,46.70618622412349],[7.949238146082763,46.70639807375895],[7.949462485710477,46.7065731065293],[7.94948824836773,46.70668527518099],[7.949727823931077,46.70670124985263],[7.949815505393979,46.70681608284258],[7.950003899913733,46.70689713581878],[7.950198680623149,46.70706011039927],[7.950643615692488,46.70720685947952],[7.951061453505503,46.70745107955099],[7.951691461107962,46.70765290192466],[7.951849203516502,46.707749939959605],[7.952018974884346,46.707717332108174],[7.952241489463556,46.707746988670976],[7.952451994940799,46.70786967806379],[7.953025060579372,46.70797250911198],[7.953386679896367,46.70815051396503],[7.953507508593388,46.70827625038438],[7.953951166596773,46.70854486569412],[7.954280690364559,46.708629952384584],[7.954397646871113,46.70870179431364],[7.9545637204697,46.70867757435156],[7.954724944570632,46.70875354283705],[7.954965270074585,46.70877843585449],[7.955275423034702,46.70867277314753],[7.955616056840855,46.70867085357945],[7.9558863751223186,46.708619910295255],[7.95603311453948,46.70866481753559],[7.956265951116751,46.70861643603134],[7.956542410081828,46.708723247403924],[7.956948741809743,46.708757809143016],[7.957461314313889,46.70897753040421],[7.958140608419723,46.70895709816299],[7.958429126584434,46.70901730651071],[7.959302883746872,46.70942853880571],[7.959660580041827,46.7094176056607],[7.9599742085009755,46.70963066693337],[7.96006454604427,46.70981062665378],[7.960319235336041,46.709990986981445],[7.960374886548282,46.710108036270825],[7.960736707629225,46.71041658020071],[7.960938294909046,46.71050244852804],[7.961373956959339,46.710830991881636],[7.961845879940001,46.71101675005575],[7.962040681030568,46.71120897638505],[7.962066764416913,46.71128787480478],[7.961786552420313,46.71162793594139],[7.9620132587929096,46.71188015220002],[7.9624999873301645,46.71218083150602],[7.963149106697817,46.71243356265238],[7.964836199854386,46.713755603964096],[7.964986998502158,46.713835042418296],[7.965432132664853,46.71393864392171],[7.965690435861035,46.71386892297058],[7.966008089764887,46.71400290421951],[7.966101464785015,46.71396337775125],[7.966434918078768,46.714153453816394],[7.96650715920027,46.71408327748696],[7.966600823337552,46.71406934196179],[7.966858305667297,46.71419798574313],[7.967346204441447,46.71412288082557],[7.9676461972033135,46.71421572112662],[7.967777815385765,46.71418973450942],[7.968111022851448,46.71431528087199],[7.96865055969713,46.71435921356493],[7.96882744866075,46.71462294618356],[7.968943577985101,46.71465917225472],[7.969128150542183,46.714830069352814],[7.969306075566165,46.71488333362874],[7.969382637656339,46.71506819873637],[7.969171501430104,46.71529960405507],[7.969510273607724,46.71552322732553],[7.9695236380100845,46.715617475838386],[7.96975407708249,46.715781007125734],[7.9700726171914855,46.71593907240972],[7.970493219977843,46.71599525326479],[7.970962128277015,46.71617917986384],[7.971092181237577,46.71616524194456],[7.971499619261881,46.716333116803746],[7.972023560185457,46.71642184189592],[7.972130225664577,46.716477881439886],[7.97221004282663,46.71664547576235],[7.972558294039927,46.716923505566584],[7.972814693602252,46.71721758050493],[7.973523887301993,46.7175490798869],[7.973672031045081,46.717681629830885],[7.973892237637944,46.717754128544755],[7.973982608270825,46.717852171586465],[7.974135326433523,46.717864112463104],[7.974282120377982,46.71797373797451],[7.974575795707814,46.718081657546854],[7.974671764558122,46.71793832879716],[7.975003676259208,46.717837206181606],[7.975146163770175,46.717248390527395],[7.975132166021782,46.71695971305965],[7.975297835530771,46.71677599851513],[7.975431261942633,46.71670795778209],[7.9760020800072,46.71668002220341],[7.976346836853039,46.716742979306396],[7.976580400274867,46.71673303651325],[7.97684209310626,46.716801438965085],[7.977283899463417,46.716786887805576],[7.9774957866808816,46.71682901341879],[7.9777799513766965,46.71704285776607],[7.9781674488599466,46.71718626283924],[7.978809964432181,46.71753292335843],[7.979122162919177,46.71778551110024],[7.9792707289457345,46.7177836923689],[7.979586498756856,46.71794324661661],[7.980190696019234,46.718119019078],[7.980741921932892,46.71846657845245],[7.98197844445133,46.71889444646368],[7.982660600579423,46.71927511638556],[7.982988256309952,46.71937920924863],[7.983304623539113,46.7195830091701],[7.983723716092024,46.71976267728505],[7.9842937848521,46.72023910075219],[7.984474106451948,46.7206349665208],[7.985276145974654,46.72123416463912],[7.985244189926882,46.72134009781008],[7.985431093716713,46.72149226456339],[7.985547168344555,46.72149338192849],[7.98570371436571,46.72142091854068],[7.986109648523464,46.72148617094661],[7.986272824482499,46.72161614079091],[7.986351283052616,46.721780106622845],[7.986479448983307,46.72184095934362],[7.986614600809861,46.72199469479228],[7.987081963392482,46.722129140623885],[7.987473774539877,46.722342138132134],[7.987729771113486,46.722404587981295],[7.987754045200867,46.722458256446544],[7.987845630881173,46.72242682590987],[7.988139416809422,46.72255467162324],[7.988165274397605,46.722510657268415],[7.988358934508522,46.72250675664543],[7.988461239062359,46.72258256551738],[7.988460250684489,46.72264994793514],[7.988646582602719,46.72264956343647],[7.988744122124277,46.722739077438426],[7.988985010453551,46.72280762436538],[7.989194656578753,46.722997511240735],[7.989473603866134,46.723057561645156],[7.989643839251348,46.723142253367115],[7.989997864096704,46.72318099828091],[7.990195897010304,46.72325409447452],[7.990340384014784,46.72333427674029],[7.9903529047234,46.72344846142562],[7.990709318453585,46.72350055118976],[7.992177121369668,46.72421372153696],[7.992465729573181,46.72425309972557],[7.992663127366916,46.724430616639],[7.993086793532515,46.72459032993531],[7.993114719876123,46.724754482527],[7.99327119527594,46.72486244454189],[7.9938172801594325,46.72508813760633],[7.993996245476541,46.72521905423585],[7.99422375637795,46.725269807776485],[7.994493095582526,46.725433037228356],[7.994674134733803,46.72545763171063],[7.994784280288457,46.7255630195681],[7.995041580894013,46.72566718671989],[7.995124466325091,46.725664731857336],[7.995192828926084,46.72572044184117],[7.995421776116081,46.72567164875244],[7.995542626674763,46.725737942421105],[7.995632045764953,46.72571322699171],[7.995883005748405,46.72584797252506],[7.9960753832844516,46.72583148914216],[7.996494306877492,46.72608851033741],[7.99651502316936,46.72616780506152],[7.996909688784507,46.72623411776282],[7.997185945924447,46.72640219174012],[7.99771038078338,46.72662227789044],[7.997841255351989,46.72660629950016],[7.998230354519486,46.72668916897759],[7.998708248342669,46.72695311667451],[7.999087407207413,46.727035798102094],[7.999183268127068,46.72718044605491],[7.9995345816327506,46.72711486082654],[7.999821547692809,46.727142732062504],[8.000031382136564,46.72717931175898],[8.000390623500344,46.72737165424531],[8.000846692184286,46.72741367782777],[8.001302823465958,46.727747906208485],[8.00151835392793,46.72781102838173],[8.001700696032163,46.72778008394808],[8.001975918748348,46.72793708680813],[8.00204612061961,46.72800637613058],[8.002006089758947,46.72808165161582],[8.002059929056978,46.72817880932256],[8.002333451010214,46.72823524792641],[8.002442137173704,46.728346725740245],[8.002701236193495,46.728440009040305],[8.00307815002587,46.72873935850219],[8.003242491814468,46.72873831228792],[8.003576906637347,46.72883637578228],[8.004065546124805,46.729146440894695],[8.004292597061468,46.7291807506007],[8.004376493203843,46.72924806359016],[8.00445022702543,46.7292244714552],[8.004752466170073,46.72928776965692],[8.005393721379791,46.72967612664674],[8.005750894041968,46.72979512977662],[8.005835041160655,46.72989728076104],[8.006079536902957,46.730032566861894],[8.006882533346742,46.73033585820647],[8.007026873666396,46.73032086380353],[8.007168339543615,46.730403153922374],[8.007302599866009,46.73036767218733],[8.007536128399169,46.73042752695654],[8.007587324613677,46.73049243671034],[8.00780392901722,46.73057874161032],[8.007916249965248,46.73057803787654],[8.008353893479818,46.73095622041068],[8.008738582105071,46.73104307031366],[8.009357638521145,46.73148640769531],[8.00981422387608,46.73160173488651],[8.00988245179539,46.731577015335446],[8.009971034066846,46.73165590524804],[8.010257246612202,46.73172100528078],[8.01071811119616,46.73173356765866],[8.010883671880773,46.73184173905587],[8.011622114057198,46.73202874548109],[8.011758086939272,46.73202630908924],[8.011833608035438,46.732121725225575],[8.012128749726442,46.73218821507941],[8.012332402015401,46.73235447620713],[8.012606892913896,46.7324473449764],[8.012831160901817,46.732462949705216],[8.012922621346096,46.732569574588666],[8.01317348895309,46.73267255499642],[8.013209059287298,46.732760794723596],[8.013412010939563,46.73279312059505],[8.01374009739247,46.7329967507629],[8.013884483175936,46.73298798149634],[8.01421165987035,46.73311089654512],[8.014517311281157,46.73326036653405],[8.014620260663772,46.73338020078918],[8.014865048022202,46.733350449719836],[8.015292823874407,46.73355507474591],[8.01561838976445,46.73353764310053],[8.01600961062158,46.73365869120608],[8.016143944614935,46.73387696724733],[8.016240655777313,46.73391465593205],[8.016391781947958,46.7339523751456],[8.016546493010146,46.73393384393537],[8.016666502547439,46.73383551641542],[8.016784745421365,46.7338483844957],[8.017701143130097,46.73432541658308],[8.017882431610136,46.73449627911553],[8.018410868296865,46.734753294660464],[8.018431886040545,46.73488049504794],[8.01882213400787,46.7350142134417],[8.018987300844534,46.73515631592704],[8.019412334101125,46.73530995194512],[8.019484330734576,46.73529862907503],[8.019547793546543,46.73539889618776],[8.019703624763673,46.73544890221638],[8.0199936769903,46.735376702085006],[8.02034709191306,46.735589710912585],[8.020644773273577,46.73567905996192],[8.020690300791804,46.7357757116106],[8.020923341512333,46.73580374182167],[8.021083572347008,46.73595207349332],[8.021508563199971,46.73620365610232],[8.02208458877582,46.73640318126643],[8.02224911769824,46.736523809602076],[8.022421101878075,46.73657756157144],[8.022560760222548,46.7366958877363],[8.02263064673527,46.73692725958209],[8.022852323402763,46.73720560426218],[8.02319333166601,46.737298989053585],[8.024042194012114,46.737354471977824],[8.024489876706712,46.73742801935044],[8.025489726494985,46.737725699790104],[8.026402584896443,46.73773223260492],[8.026562970810696,46.73766459610528],[8.027380746678134,46.73762702777552],[8.02743177579147,46.73753941648755],[8.027683277030333,46.73749190882453],[8.028372349921705,46.73757161730134],[8.02872962125133,46.737522553649214],[8.029294136238422,46.73762297840911],[8.029645253576554,46.73761308842785]],[[8.029813526053497,46.75298019729497],[8.029326085889267,46.75307253963973],[8.028970074986798,46.75322707244234],[8.028800801741363,46.75359668007079],[8.028570239015352,46.75381835501424],[8.02813021538696,46.75398450053507],[8.027465809383788,46.754373436586405],[8.02709819665542,46.75444832149451],[8.026717495782222,46.754380394156044],[8.025991193277838,46.75473459291349],[8.024863024535321,46.75498328820722],[8.024670278472025,46.755216941236085],[8.024156114103691,46.75536900446299],[8.023792766920058,46.75528906814774],[8.023323215617957,46.75533931991694],[8.022534639038678,46.755175565109994],[8.022146176730914,46.75519111508943],[8.021766130292146,46.75542230114927],[8.021674041978757,46.75541785944887],[8.021578344813868,46.75555796062962],[8.021292490728047,46.75558758412781],[8.020965898076811,46.755716142084644],[8.020803752569977,46.75592842069826],[8.020620310481899,46.755965949606185],[8.020477135024162,46.75611324530956],[8.020269655591724,46.756134505928316],[8.020088576590009,46.75633559029924],[8.019935099278818,46.75641376998616],[8.019634884045361,46.756290463932906],[8.019237065129877,46.7564055706748],[8.018584222601111,46.75647729817422],[8.017608080187433,46.75695180454611],[8.01720610343903,46.75725011306796],[8.016881754504523,46.75735292022725],[8.016345133135212,46.75743592991142],[8.015860577772726,46.75743067841658],[8.015621635852646,46.75738439705999],[8.015165347637197,46.75745575992304],[8.014762849836039,46.757313265590284],[8.01454824438868,46.75731870132589],[8.014391370054584,46.75725736778943],[8.014384254733232,46.757154790046435],[8.014188323107186,46.757121701518486],[8.014116744421342,46.75694550404213],[8.013958952801504,46.75696005300258],[8.013848390694,46.75689882737142],[8.013729097599374,46.75665572616668],[8.01327706954662,46.756585945008574],[8.012117405601623,46.755931857872305],[8.011479835947698,46.75584093432146],[8.011347558689694,46.75578285568335],[8.010898870408328,46.75578264788695],[8.010750919114988,46.75567694303471],[8.010550445731015,46.755341742545056],[8.010248617985088,46.75515254471227],[8.009914327830712,46.755092749147266],[8.009588991385325,46.7551505262129],[8.009354218803603,46.755129434811415],[8.00903609790181,46.75502291338412],[8.008776219675559,46.75483556227233],[8.00856595993832,46.75482154347454],[8.008104193127636,46.75464908696981],[8.007633603029,46.75461897498549],[8.007543614046654,46.754527847191675],[8.007359296945019,46.754465345303295],[8.007021816691582,46.75450708225455],[8.006783596779178,46.75462565143604],[8.006361886288389,46.754383317307294],[8.006140958170416,46.7545071246604],[8.005958789224703,46.75450438604007],[8.005695415815827,46.75431945615654],[8.00548455945697,46.75440787727951],[8.005300866991918,46.75427370052226],[8.00509305786224,46.75434572470329],[8.00473989368352,46.754341007077976],[8.004200980382624,46.75446271539962],[8.00391517447949,46.75436103038582],[8.003552735267727,46.75458435903579],[8.0032340880695,46.75448491267936],[8.003047385144272,46.75461181031014],[8.002845151358018,46.75465290273383],[8.002682930253284,46.7545826378965],[8.002479070913946,46.75466108768167],[8.00233692788749,46.75458829444816],[8.002164296754268,46.754622807722505],[8.001980679898033,46.75456913645547],[8.0018312433638,46.75469664895701],[8.001509280552426,46.75476348093636],[8.001261511517558,46.75464150561212],[8.001093260366698,46.75464048082731],[8.000973959018765,46.754709668917876],[8.00067939002572,46.754746381197286],[7.999700990993682,46.75467456447466],[7.999506937204619,46.754577329528544],[7.9992047571222935,46.754603343536914],[7.998889649160217,46.7544872437442],[7.998588445594546,46.75460105795577],[7.998183778800793,46.75445383829347],[7.997926545173012,46.754583465689514],[7.997802022762904,46.754520493803206],[7.997686845757475,46.75454976251281],[7.997477589305431,46.75451846471718],[7.997293200713882,46.75440111843955],[7.997214583572198,46.75445350667511],[7.997084913306036,46.754421657162936],[7.996963375949022,46.7543156165617],[7.9968464509436,46.75433406219314],[7.996585237174536,46.75423084441856],[7.9962181971516575,46.75418394255869],[7.996099758434082,46.754044413085396],[7.996162333551526,46.75392777594773],[7.995982916671586,46.753823716882444],[7.9958838271123485,46.75366548079078],[7.995399025063724,46.75356168630036],[7.995289424337202,46.753347269062395],[7.9949521020905525,46.75329531574821],[7.994924381139594,46.753178471187425],[7.994741570545773,46.7531154828846],[7.994712029975823,46.753058261346496],[7.994539279758175,46.75298715465746],[7.994215293098499,46.75298565390454],[7.994106837814428,46.752895963749886],[7.993912200297927,46.7528650561558],[7.993277234448625,46.752531792485634],[7.992892125374314,46.752486559923405],[7.992546983786171,46.752513637306905],[7.992375788585189,46.75258473213946],[7.992184976230787,46.7525386363952],[7.992038048640494,46.75258703405709],[7.991680198908238,46.75245201468375],[7.991398776694972,46.75240438610256],[7.991273960351911,46.75230251134678],[7.991305721856691,46.75210279811725],[7.991134406498094,46.75203559247066],[7.99100623676861,46.75191795525997],[7.991043922426262,46.75186478866505],[7.9909126909405614,46.7517126318319],[7.990881754567728,46.7515428084502],[7.990751922339786,46.75151070068541],[7.990619865377133,46.751340367286765],[7.989835302645118,46.750749083137144],[7.989425214439629,46.7506399553494],[7.988706073243688,46.750644634087664],[7.988530441315773,46.75052034991913],[7.988329106007012,46.750619668181194],[7.988116937884314,46.75059213648757],[7.9878436706095215,46.750443033972125],[7.987704422567932,46.750483248092976],[7.9874801729184535,46.75039753541234],[7.987302444271965,46.75025073432155],[7.987085746514444,46.750340093999895],[7.986783358749512,46.75034516130616],[7.986641438112226,46.75023560932331],[7.986150653542211,46.75010230766923],[7.986045152170849,46.74997290693752],[7.985520016403588,46.74983049263466],[7.985383321338662,46.7496537255569],[7.985123282307086,46.749487587466916],[7.98510514855872,46.749387264719566],[7.984861062568977,46.749284262189484],[7.9848323767129035,46.74916798657733],[7.984743991754075,46.74910908272158],[7.984541209068935,46.749008490833106],[7.984438462566774,46.74900858587915],[7.984358293784436,46.74892735125122],[7.984100218422402,46.748938055998885],[7.983995471005407,46.74868307047846],[7.983743561817704,46.74873016839013],[7.983639769943446,46.748703145814595],[7.983350737525264,46.74847191453073],[7.983001270772828,46.748396316386355],[7.982928936533822,46.748306533549076],[7.98262529662642,46.7482511720566],[7.982334949757502,46.74811095348895],[7.982142637794488,46.7480811482972],[7.982092331194354,46.74799661256362],[7.981991510708116,46.748043545608354],[7.981707023255031,46.74802759050589],[7.981601133596125,46.747943993407205],[7.981427466195357,46.74794489952187],[7.98127068098792,46.74781170798229],[7.980827699967128,46.74784007823801],[7.980665531732462,46.747775359326376],[7.9802798995665025,46.747720461508806],[7.980157114027733,46.74762084995541],[7.979988109499859,46.74763770805925],[7.979813985753002,46.747577326517344],[7.9797236387874575,46.74734796950949],[7.979746900172826,46.74724935697255],[7.979625805656229,46.74707930089707],[7.9796824271227536,46.74670928454059],[7.97952986841955,46.74661182832671],[7.979449271229133,46.74648672951094],[7.9792192762131116,46.74636401078279],[7.978915795217106,46.74603666420221],[7.978450669957225,46.74575985359067],[7.978266134101029,46.74557477620734],[7.977992318801648,46.74544149418776],[7.977604464587414,46.745327226595236],[7.977147753160773,46.745374430342935],[7.977001366874709,46.745333443360856],[7.976807867539682,46.74515040291],[7.976774731402786,46.74504519293135],[7.976161815063592,46.74487194331668],[7.976095195430659,46.74479196154667],[7.9755491339406355,46.74454167024477],[7.97503583025799,46.74425565375602],[7.974692909370931,46.74396419392836],[7.973917199089165,46.74347302512065],[7.973903975000755,46.74329144690948],[7.973811053722736,46.74314103415235],[7.973860774763939,46.74304418795181],[7.973722658740452,46.742781811073364],[7.973613964547992,46.742700774517175],[7.973623688904624,46.74258737478841],[7.973495000690127,46.742338599886565],[7.973343970770796,46.742220033503614],[7.973457578204442,46.74206932834193],[7.973362638553444,46.7419975286626],[7.973472322223484,46.74175723616151],[7.973424617357203,46.74171013335411],[7.9734602698723895,46.741631668309815],[7.973286136740639,46.7415768812224],[7.972996199046687,46.74130133355366],[7.972834171003979,46.74127296336429],[7.97284616421009,46.740980071840426],[7.9727762396666435,46.74075814321521],[7.972451546620602,46.74054130935703],[7.972206524517488,46.740456221651456],[7.971606655880737,46.74002449574857],[7.971451870413747,46.739838530985566],[7.9714952027124335,46.73975448940772],[7.9713244375202095,46.73964369470563],[7.971218518567636,46.73963341173725],[7.971172040787046,46.73946887303488],[7.971019288241335,46.73947948918752],[7.9709564821916965,46.739390688915684],[7.970772006809052,46.73930516309106],[7.9705758562694875,46.73902397293655],[7.9704272190468455,46.73903515385746],[7.970320490702837,46.738963793353236],[7.970288253192388,46.73880199466225],[7.9700943133991595,46.73881410562066],[7.969974893046656,46.738749316690004],[7.969965299582418,46.73865998051299],[7.969799229019877,46.73862405051075],[7.969697835710756,46.738497620230376],[7.969730634914744,46.738400107816844],[7.969461781189777,46.738203974773946],[7.969464804374798,46.73810421693847],[7.969301992331972,46.738084103425734],[7.969232135802808,46.73798041117513],[7.9692554289174495,46.73791544433676],[7.96897793250887,46.73790202500692],[7.968674251078723,46.7376830049374],[7.968559243359194,46.73775143765488],[7.9684550517226,46.73773673625591],[7.968253813897853,46.737622075245554],[7.968078952349958,46.73763258307847],[7.968008017850835,46.73754676044595],[7.967923275623606,46.737590017374046],[7.967769214610939,46.737474633173626],[7.967664548998713,46.7374742453318],[7.967386149594379,46.73729483856902],[7.96740343995832,46.73719657100825],[7.967260109366772,46.73705302504822],[7.966437248103261,46.73672585273937],[7.966265936443135,46.7365959102983],[7.966166222228698,46.73643787642445],[7.96545281857272,46.73600275649981],[7.965271253513471,46.73595865138188],[7.965134563325011,46.73573168247623],[7.964968316858692,46.73558113270686],[7.964712931940261,46.7354239676217],[7.964439552681604,46.73535491623227],[7.964150601109893,46.73505159012975],[7.963862367196083,46.73507865226163],[7.963676589686206,46.73502203304699],[7.963547570680742,46.7348645453879],[7.963270834192908,46.734768654622144],[7.963185257718159,46.73457241167875],[7.963080350699343,46.73450481425898],[7.962586687973611,46.73459879019104],[7.9622899828758875,46.73470196342091],[7.961695337463144,46.73476492255338],[7.9606770420651145,46.73466837944418],[7.960060522552606,46.73434142367458],[7.959877818143593,46.73433818243796],[7.959722846492298,46.73415549515846],[7.9590542511586175,46.73385274491752],[7.958995548180028,46.733662916294456],[7.958763367237737,46.733487425081925],[7.958767347266589,46.73333284373068],[7.9585743381733165,46.733159890459724],[7.9585735009636025,46.73305526588277],[7.95840539032504,46.733000518764975],[7.958252944771748,46.732738152543966],[7.957970361680458,46.73252601581859],[7.957958721833457,46.73245297909047],[7.9576714296369815,46.73229782348512],[7.957580181914934,46.73219369961299],[7.957423780010638,46.732209324800436],[7.957099675888848,46.73213466607807],[7.956870857319124,46.73199329426574],[7.956014408878882,46.73178352981442],[7.9557138345100755,46.731628465446306],[7.955472380705351,46.73161118902484],[7.95542701909343,46.73151789348909],[7.954941747351733,46.7313631767579],[7.954349596324583,46.730839021529455],[7.953955264895912,46.73056567822881],[7.953436930036368,46.73032417034999],[7.953098843484488,46.730246657736515],[7.952927761774002,46.73013942637157],[7.952717776314649,46.730208441638254],[7.9526033257449456,46.7301873850895],[7.952301736386728,46.72988098258559],[7.951147158324025,46.72922251477706],[7.950782916145344,46.72888136032475],[7.950402364088728,46.72864640842957],[7.950338833826744,46.72854113812181],[7.950207838575752,46.72847309707039],[7.9501753794852625,46.72837893207387],[7.9498565434919835,46.72823676194085],[7.9498287681220985,46.72804441538738],[7.949575593273027,46.7279326257648],[7.94945164736708,46.727727188793104],[7.9487592213562985,46.727197003252],[7.947613627777535,46.72660110548352],[7.947385731600831,46.72642890057111],[7.947238809450885,46.726377281154356],[7.947242324196284,46.72631014898576],[7.947013549021429,46.72622220047395],[7.946830965045158,46.7262718323217],[7.946469158707233,46.72622367753436],[7.94633556497926,46.72609517488413],[7.946243055757089,46.72608443142469],[7.94604563529128,46.725911071909174],[7.945715956923042,46.72573435917473],[7.94545310779811,46.72568666139831],[7.945419632027802,46.72554302352302],[7.945260475201242,46.72552124943185],[7.944762469440638,46.72519086117079],[7.944378824276547,46.725019529219715],[7.944349694276943,46.72495268561183],[7.944066267151891,46.724884754598754],[7.943897725307664,46.72473903316048],[7.943707274830576,46.724712384760245],[7.943626488237189,46.72463156524927],[7.943458418060033,46.72460888351927],[7.943377088628967,46.72448671325024],[7.943163644195793,46.72436079965406],[7.943020182070395,46.72416315122907],[7.942785799473882,46.723985649404845],[7.942481009240997,46.72396445118617],[7.941833137245535,46.7236520098212],[7.941269275310099,46.72307776370231],[7.940506968275958,46.72255314333208],[7.940174175157207,46.722164976731804],[7.939872593337875,46.72192725930498],[7.93978946061247,46.72172924312752],[7.939347995970189,46.72160110224915],[7.9391759299812685,46.72135347766554],[7.938968398137776,46.721312746107785],[7.938568805121489,46.72090290008741],[7.938440089759542,46.72089527736982],[7.938317208263853,46.72083816193235],[7.9382911982718065,46.720771006284174],[7.9381756827083985,46.72078192851885],[7.938031185391881,46.72071831350395],[7.937978815191362,46.72063233720539],[7.937637612454966,46.72052705008914],[7.937469190060567,46.72056371439114],[7.937294526337591,46.72051090802321],[7.937144271128614,46.72038586777926],[7.937201269346248,46.720308769197686],[7.937103172870991,46.72022281217838],[7.93712728892648,46.72015153338497],[7.937053537583695,46.72006161093553],[7.93687597916592,46.71999964100656],[7.936810618463674,46.7199089171689],[7.9366502018579075,46.71988734352823],[7.936384506912584,46.71970708655877],[7.936133638343351,46.71966372308616],[7.935941361116644,46.719485987899674],[7.935649901011749,46.71931972169097],[7.935581643006503,46.719219429401036],[7.935316339291535,46.7191122758613],[7.9352706833094215,46.71900477853676],[7.9349237592869795,46.71864945629166],[7.934698038737875,46.71855652235012],[7.934667183195565,46.718462453968655],[7.934463260191329,46.71831026953682],[7.934311722064181,46.718264977546106],[7.934176353573848,46.7182798950148],[7.9341771459026385,46.718247921056246],[7.933990057079595,46.718206839914686],[7.9335703140575315,46.718010809406486],[7.9334050973182,46.71789993427392],[7.933440421035439,46.71783521051086],[7.933310708992753,46.717832129152995],[7.933170406708838,46.717693763029835],[7.932984823868637,46.71762971684277],[7.93300343233645,46.71755356013338],[7.932530312512296,46.71730082341711],[7.932006818848792,46.71717020233856],[7.9317719882598965,46.71692626512767],[7.9314389004254755,46.716813386184995],[7.93145943823721,46.716747791286366],[7.9313650676891765,46.71664989405963],[7.931038424130409,46.71645308378125],[7.930814972790344,46.7163792121762],[7.930198585964411,46.71592603950352],[7.9298965861710276,46.71581345406646],[7.929867215108905,46.715753534476406],[7.92960446436104,46.71563776590773],[7.929561134807541,46.71555297931504],[7.929337725618271,46.715491752526155],[7.928783770330161,46.71518092093671],[7.9283066372317395,46.71502058727688],[7.928092444482083,46.714864657389086],[7.927848692650162,46.71483414504152],[7.927861011089529,46.7147992791355],[7.927757541643496,46.71476572777479],[7.927672504012312,46.714657442554746],[7.927091043256274,46.71425479408775],[7.926580648489407,46.71402317908698],[7.926157268564834,46.713750835949554],[7.9259325567431125,46.713745480022865],[7.925581965740976,46.71356909553545],[7.925529676915461,46.71347030342751],[7.9254147542663995,46.71343669982812],[7.925299609419675,46.71329129021599],[7.9252091095977075,46.713309055404395],[7.925024715000201,46.71323043632252],[7.924646794775829,46.713187624717094],[7.924449232852416,46.71306115894599],[7.924377875734791,46.71289370272686],[7.924117631801726,46.71283281133099],[7.923868059515962,46.71269900929976],[7.923502987806305,46.712619868899644],[7.923293278799263,46.71242900792794],[7.922692945420739,46.712141075719614],[7.922150726502691,46.71198490538599],[7.922071615265358,46.71186193703188],[7.921832805417152,46.71191562615215],[7.921765233923505,46.71178140918939],[7.92133249149272,46.71169628715538],[7.921114828813046,46.71144825253777],[7.921112702416504,46.71137854529875],[7.920941176618433,46.71136298769849],[7.920956741772377,46.71125922920272],[7.920822945827407,46.711142500015505],[7.920123924155035,46.71077042995333],[7.919797451015506,46.710518029871885],[7.9193475010360945,46.71027589995147],[7.918612368342485,46.7100629436437],[7.918443249911862,46.70993059976926],[7.918428612891552,46.709852183290806],[7.918161407881488,46.70980612343356],[7.9177971320482206,46.709577597890764],[7.917243593352301,46.709359912658094],[7.916089450106861,46.7087705276842],[7.915682986751641,46.70839649639579],[7.91544728540765,46.70791813003897],[7.915008737383571,46.7076014425924],[7.91452712879993,46.707434368503485],[7.914289616633425,46.70727456094242],[7.914052689706017,46.70718408885065],[7.91325532934353,46.707055349522456],[7.9129340677718885,46.706949474219165],[7.912803851438728,46.7068038088315],[7.912440722633215,46.70665495389132],[7.912085454460413,46.706423944015924],[7.91114460920383,46.706146007361085],[7.90983589321356,46.70556412554425],[7.908636345986396,46.70514967412899],[7.907953317993559,46.70505117433645],[7.907256376913539,46.70478199934265],[7.906855236006292,46.70475364431055],[7.906744844792652,46.70480641549963],[7.906512888509956,46.704720953986374],[7.906337492163885,46.704741732737475],[7.906014147696916,46.704667016430946],[7.9058276534406815,46.70471396314758],[7.905592550386395,46.70462730722633],[7.9049572994327875,46.704561797046516],[7.90491559405874,46.70450665317143],[7.904576057688778,46.70439777051213],[7.904504000914106,46.70433178464021],[7.904374384044318,46.704332718141224],[7.90429758829532,46.704209917035804],[7.904159631418304,46.70423844693132],[7.904034867557413,46.70420614837473],[7.903896877940534,46.70412608276462],[7.903857315700175,46.7040250430333],[7.903536147990169,46.703857403924],[7.9026115683632945,46.70348363532775],[7.901685767674589,46.702915477526986],[7.901460647585834,46.70284004417726],[7.901362844423107,46.70269700510967],[7.901217134659015,46.70261233480465],[7.900557238895947,46.702373940949165],[7.900398191443474,46.702269074377796],[7.9002472228710685,46.702062866080816],[7.900102470190864,46.70200332738184]],[[7.900013860986773,46.691623188724186],[7.9002135866482694,46.69124048198282],[7.900244392433676,46.6909624999432],[7.900117262423809,46.69074409584778],[7.900029631103123,46.690417458304054],[7.900142843183942,46.69034866080368],[7.900002099091002,46.69024503942398]]]}},{"type":"Feature","properties":{"depth_m":24,"elevation_m":540,"shore":false},"geometry":{"type":"MultiLineString","coordinates":[[[7.920378918344323,46.68991583511434],[7.920512323690618,46.690056682901265],[7.9210332834854125,46.69034179509342],[7.920988337041557,46.69047050601089],[7.9210571211015095,46.69059878133755],[7.921226438640858,46.69064088504782],[7.921292149005227,46.69074840224779],[7.921450866361987,46.69076577639395],[7.921540583836291,46.690922083330584],[7.9217434405842715,46.69103501116427],[7.921803417497257,46.69123951655585],[7.921980569698177,46.691341703992094],[7.9221889769642315,46.69132366670688],[7.922331473478845,46.691500385502124],[7.922665805397354,46.69151923568987],[7.922715582009521,46.69162512844826],[7.923027349673839,46.69169348641977],[7.923091355202635,46.69194718930921],[7.923358679236912,46.69197071169162],[7.923530720542976,46.69216565469904],[7.923698721429132,46.692099605521825],[7.923844852971968,46.69213288917639],[7.92411698390267,46.69210487120368],[7.924237685575198,46.69228484679167],[7.924812124339475,46.69234103562602],[7.924891731842603,46.6925027624126],[7.9250634957457295,46.69255421451507],[7.925209220911268,46.69272946768631],[7.925433075178007,46.69282643115133],[7.925601650578361,46.6928357873522],[7.925647560490196,46.69290787165255],[7.9257440203530996,46.69293437513953],[7.925777145301156,46.69308486614903],[7.9261769117839265,46.69352296650701],[7.926575779525159,46.69365514486236],[7.9271784614475,46.693693965429354],[7.927285906344649,46.693768295522105],[7.927468836231499,46.69373965282544],[7.9275847348360955,46.69385384220152],[7.927912882862671,46.69387808295002],[7.928016900961857,46.6939650929368],[7.928198619411337,46.693945566869274],[7.92833730829683,46.69387945664362],[7.9284550018353155,46.69397219178347],[7.928736476918451,46.69398914601334],[7.928844272446442,46.69405282227637],[7.928970062652349,46.69394410023476],[7.929159910250752,46.69406261214907],[7.929250521022928,46.693993073126755],[7.929326743594264,46.6940163861399],[7.929378315825724,46.693958367327824],[7.92960430227706,46.69407133475179],[7.929673897044737,46.693996830206515],[7.929768446711852,46.69398964975725],[7.929939219033428,46.693883512773525],[7.930019356038097,46.69395773293053],[7.930174070568535,46.693881494328515],[7.930242250769407,46.69394911801494],[7.930345169315236,46.69389184017829],[7.93049869992718,46.693942732956465],[7.9306558398719735,46.69389891261682],[7.930944126792289,46.694001992509975],[7.9312626684751235,46.69396889969427],[7.931463833954819,46.69414949200858],[7.9315974556541855,46.69419043009362],[7.9317874513215445,46.6944190079688],[7.931959025199472,46.694528454588166],[7.932246321208604,46.69451380022754],[7.932458608578281,46.694621819661066],[7.932744339503936,46.69466188245126],[7.9328199516280975,46.69473970051339],[7.933084297299712,46.694764355492374],[7.933166711272515,46.694856761823004],[7.9333458991063255,46.69488772218913],[7.9335712275179935,46.69505741130539],[7.933924720591545,46.69515698054251],[7.934219297428693,46.69537712148318],[7.93446415019992,46.695484087271495],[7.934899209132672,46.69593871797245],[7.935214524585212,46.69608284279247],[7.93547099013848,46.69627630321971],[7.935679952084208,46.69631555030365],[7.9358074913771635,46.696444784429225],[7.936292963926809,46.696584791779124],[7.936711199951894,46.69681448035775],[7.936832829861504,46.69677882157997],[7.937128510573191,46.696942034658655],[7.937261441947536,46.696976366334916],[7.93741907053201,46.696956786878744],[7.937680974565843,46.6970497640005],[7.938009213778245,46.697040214634896],[7.938302437794745,46.697177572888876],[7.939239229857317,46.6977817110714],[7.939388893619029,46.69799311857913],[7.939418717314455,46.698201966102225],[7.939586161262511,46.69833400755219],[7.939721248666339,46.69835214371127],[7.939867345686252,46.698612808528296],[7.940100267586403,46.69870358648191],[7.940385899381885,46.69908771490782],[7.940396832471064,46.699410458362465],[7.9404706984862,46.69959824208889],[7.9409416957905306,46.69983645410637],[7.941244176417034,46.70042539155656],[7.94150796975281,46.70052356012801],[7.941688594158957,46.70064730042859],[7.941780135758187,46.70064176052675],[7.942139665583125,46.700847579641014],[7.942174880630512,46.70093348587713],[7.9420923702689725,46.70115058233095],[7.942028754537328,46.70117689628954],[7.942064260537607,46.70131648740895],[7.942417003811277,46.701580582520364],[7.942875117102045,46.70170202574257],[7.943243124406731,46.70188190544038],[7.943405117199937,46.70204406491417],[7.943601743737599,46.7021273319213],[7.943887702189595,46.70247884989123],[7.944009517899775,46.70255027609479],[7.94411071385842,46.7027461765352],[7.94428704531028,46.7028414964541],[7.944296931439193,46.70280244746205],[7.944364593515234,46.70296529318406],[7.944615886371608,46.70311460536991],[7.9446156108964034,46.70317037072553],[7.94477174979125,46.70319530733368],[7.944774157051047,46.70323732441525],[7.94483093293491,46.70322054767796],[7.94484268876914,46.70327364195495],[7.94517212362903,46.70343654073779],[7.945215926691937,46.70350748413028],[7.945443538328848,46.703599075427306],[7.945584744921805,46.703789768387814],[7.945921767711471,46.70406531104603],[7.9462276180808376,46.70414575835165],[7.946918609682427,46.70467712593029],[7.947182939150115,46.70477614266025],[7.94757471273928,46.70506538887706],[7.947682031712913,46.70507930353374],[7.947967648424564,46.70523331301176],[7.948214057278116,46.70549345672764],[7.9483406405933295,46.705556050300835],[7.9485749278031514,46.70588655748433],[7.948827216094635,46.70603058454737],[7.9488535935763265,46.70615540749734],[7.949392357966676,46.70643097386257],[7.949569701292175,46.70662965034944],[7.9498199336443225,46.70667320283278],[7.949865577627211,46.706792667835245],[7.9500550948655695,46.706851415442],[7.9503998707903865,46.707083695051104],[7.950735978434937,46.70717511336878],[7.951083803769636,46.707383682660186],[7.951774606816317,46.70762413797184],[7.95183713740329,46.70770355855644],[7.951994038054395,46.70766929041614],[7.952269873392137,46.70769127676286],[7.952541425724715,46.70785001587223],[7.952845418042007,46.707862455636594],[7.953522920525749,46.70811093046201],[7.953774297441976,46.70834204681964],[7.954447871711916,46.70862041751467],[7.95458921866742,46.70860745484436],[7.954777426059458,46.708682563680455],[7.955741181870898,46.70846325165597],[7.955758756367723,46.708542351949255],[7.9559766521631365,46.708489226014784],[7.956181406900603,46.708553723637124],[7.956300911648525,46.70854186535595],[7.956544118221917,46.70866269879627],[7.956814043589647,46.708671783198355],[7.957107367770371,46.708810676190595],[7.957380344302405,46.70885415384103],[7.957511951478777,46.70892320034561],[7.957719644531034,46.70887120591959],[7.958273973154859,46.7088865049876],[7.9588742473038545,46.70914534774771],[7.9597931648220115,46.709382835031995],[7.960017757131611,46.70948839944421],[7.960157726486376,46.709770215341074],[7.960300461741227,46.70981823890813],[7.960688176626983,46.710266421448075],[7.960997587350076,46.71043457482541],[7.961414651292148,46.710752183405155],[7.961969129669131,46.71099818490969],[7.962033318003149,46.71112796812568],[7.962147131774898,46.71116942018591],[7.962169529852086,46.71128367047894],[7.961924184323467,46.71153187921329],[7.961932350598752,46.71169177583408],[7.962038809996659,46.711837944337454],[7.962599198611851,46.71221588222549],[7.9632053429197605,46.71243486957068],[7.964909587930626,46.7137694429417],[7.965433385521646,46.71392495572462],[7.96569416040545,46.713851202296404],[7.966025349940029,46.71396903675896],[7.966126292816461,46.71393439595051],[7.966467707437211,46.71413214443492],[7.966611977923192,46.71402636303656],[7.966913213710813,46.71416625587768],[7.967057314154818,46.71416885456983],[7.967382344026108,46.714065743891204],[7.967638445603183,46.714138673110035],[7.967815185142863,46.71412604288533],[7.968119311264324,46.71425354111328],[7.968705898431906,46.7143194836789],[7.968842275287726,46.71441458250599],[7.968901549624047,46.71457461018591],[7.969102698234409,46.714731424085336],[7.9693875561262635,46.71482467196999],[7.969476814088548,46.7150663666504],[7.969300288190811,46.71529407601318],[7.969595110001657,46.715487884702846],[7.969670688236647,46.715597757256],[7.96970063206159,46.715433383984184],[7.969810763153933,46.71534884316262],[7.970375250675706,46.71536193145108],[7.970703493533119,46.71531670151762],[7.970828641279193,46.715086512722074],[7.9709474571985375,46.71499430197868],[7.971145075416197,46.71496469338471],[7.97150348678815,46.715012128830004],[7.971577076091874,46.71513881334331],[7.971555675961377,46.7152458987888],[7.9712270420088345,46.71530175689846],[7.97102471019054,46.7153973169069],[7.971031835373062,46.71567040137534],[7.971174435256704,46.71587458595618],[7.9715435508498045,46.71620037852182],[7.97213062424888,46.71645996918892],[7.972446168293032,46.71686035837392],[7.972641590083329,46.71697709013136],[7.972846576207864,46.717201194168034],[7.973171342485379,46.71737470328182],[7.973587752590739,46.71750528663749],[7.9740270504568125,46.71778727533456],[7.974230614423261,46.71782616261939],[7.974327523851442,46.717909520767414],[7.974484512502006,46.71795505798356],[7.974698753875627,46.717803186010315],[7.974753034927055,46.71752387632703],[7.9745647881037005,46.71654374545473],[7.974614722397809,46.71646045400859],[7.974795872237149,46.71638685557471],[7.975056107754179,46.71639583451281],[7.975611571630181,46.71652223987644],[7.976422807992565,46.716542611640094],[7.977250473834134,46.716661483785785],[7.977783049974254,46.716822583936775],[7.979011904462135,46.71755042707013],[7.979189022731181,46.71773684285356],[7.979296259568656,46.71772873383341],[7.979630813045031,46.71788583316034],[7.97990077768234,46.71796557796986],[7.980017610500585,46.71794654701213],[7.980277720554607,46.718036079973054],[7.9808175211072445,46.71841426949136],[7.981212258345421,46.71856044555391],[7.981343340629178,46.718547093777715],[7.981456754789977,46.71864073949736],[7.982043764942889,46.718832002484106],[7.982724722152688,46.71921704063348],[7.982907902933604,46.719251700656486],[7.983470762845461,46.719589161300256],[7.983803020173116,46.71971986609229],[7.984014607581964,46.71994568189214],[7.984284501102706,46.7201060540096],[7.984475282454044,46.72045881647221],[7.984676966582447,46.720626989085446],[7.984690060362663,46.72071242142825],[7.985374607642269,46.721214001742005],[7.985356273641757,46.721324313594494],[7.985479686230333,46.721413301690404],[7.985708266368159,46.721369261525],[7.986139651788437,46.72142905745653],[7.986357370693152,46.72157810638852],[7.9864440284824445,46.721741825932476],[7.986681147302535,46.72195268047344],[7.986818504504674,46.722013020931186],[7.987043153851918,46.722037750961896],[7.98718353082674,46.72214678809656],[7.987318884608226,46.72216304074716],[7.9875439361288105,46.72229547316011],[7.9881080674774525,46.72245747119313],[7.988271374479164,46.722436310111654],[7.988444271507194,46.72256054481609],[7.988697839493028,46.72260908787215],[7.98902793056359,46.72276160250969],[7.989222487502307,46.72293797857521],[7.989527320355307,46.723055620344795],[7.990039992356187,46.7231176901637],[7.99018088460054,46.72321867001411],[7.990389161047838,46.723250867004616],[7.990431933936377,46.72332623307749],[7.990387169690602,46.723391416181364],[7.990648628391543,46.72340640787905],[7.991990985225068,46.72405372678913],[7.992213073448768,46.72414401963282],[7.992539624433002,46.72420456046431],[7.992718013125038,46.72438824156606],[7.993210214713628,46.724605563070774],[7.993225566571952,46.72471330179408],[7.993300260569203,46.724766778213954],[7.99415366756592,46.72520763771639],[7.9942395500641545,46.7252155589307],[7.994453631429381,46.72537228353987],[7.9945823787913035,46.725362085464575],[7.99487423598053,46.72550149177847],[7.995204428307538,46.725590586578775],[7.99566121246673,46.725653119500905],[7.9958973317541995,46.72577460578032],[7.996122167517102,46.725785040946015],[7.996520416289747,46.72601491503557],[7.99668938422142,46.72617498634592],[7.996910097454625,46.72617621053714],[7.997752471262657,46.72656225052595],[7.998233534097619,46.72663242660087],[7.998838750351602,46.726935222888144],[7.998963273624485,46.72692486968366],[7.999106082884823,46.726981093639345],[7.9992602805602795,46.72709846816577],[7.9995398601446155,46.727057550368265],[8.000004023269241,46.72711468628908],[8.000415407068667,46.727308130734265],[8.000831252350672,46.72734929073528],[8.00115273764658,46.72751975926166],[8.001348821774357,46.727687822272664],[8.001530581223028,46.7277365557878],[8.001705136693843,46.727722930440095],[8.001985417092808,46.72787445695416],[8.002143911209554,46.7280153301446],[8.002123201767757,46.7281419116982],[8.002420890938586,46.728197538183686],[8.002597220244972,46.72835865296056],[8.002845704237108,46.72847267843335],[8.002906713695172,46.72857476594344],[8.003030644716262,46.72859882874322],[8.003153524210754,46.72870249945234],[8.003529300860146,46.728741400889575],[8.004070461120316,46.72907234606098],[8.004815177006986,46.729244747261305],[8.005496976411392,46.72964696293575],[8.005833347846039,46.72975724427757],[8.006105535730816,46.729970673282594],[8.0064200835959,46.730061810560905],[8.006568666358776,46.73015668698986],[8.007537452064465,46.7303631741905],[8.007938415243638,46.730495194027284],[8.008308217436193,46.730766117426036],[8.00843192058498,46.73092161155837],[8.008540351641987,46.73090927720044],[8.009059435125621,46.73109348137128],[8.009690711151329,46.731462298593826],[8.009967656437587,46.73146775027602],[8.010038062138541,46.73155736396834],[8.01025714909931,46.731621576392634],[8.010785585134547,46.73168092871582],[8.010967248091736,46.73176907587793],[8.011819223216728,46.731946102551326],[8.011910883005065,46.732024948539355],[8.012344713305351,46.73216731295851],[8.012456059161863,46.73230106828484],[8.012908538137198,46.73241281449325],[8.013275086354593,46.73269524377156],[8.013637752264485,46.732817918924916],[8.013774760734663,46.73292726440268],[8.013966389694794,46.732944236685356],[8.014238961016723,46.73303812773216],[8.01457768137837,46.73321038790754],[8.015484525049851,46.73346833277026],[8.01588281000123,46.733528174909345],[8.016232871165403,46.7337544460026],[8.016507039249918,46.73381584912845],[8.016703638728337,46.733778556638484],[8.017480710754647,46.73418272876412],[8.017743589992337,46.7342732872172],[8.017978349149876,46.73445003153001],[8.018429634651316,46.73465621680876],[8.018525126035644,46.734776184389126],[8.018511208917463,46.7348435608383],[8.018825755130253,46.73494452338737],[8.019035419453662,46.73510118868366],[8.019559274847733,46.735252378873334],[8.01959926945492,46.735334800913655],[8.019757505551889,46.73539065982954],[8.019974046801138,46.73531311247217],[8.02007450724024,46.73533033162635],[8.0203104481944,46.73548932565145],[8.020738983478521,46.73567835497344],[8.020753542647928,46.73572901649962],[8.020873525210927,46.73574257316155],[8.021142145404811,46.73594076405743],[8.02137088338031,46.736041617473404],[8.021534641327447,46.73619530994867],[8.022085744164377,46.73636964840298],[8.022254497725596,46.7364913526256],[8.02236299418494,46.73651214498519],[8.022575102755587,46.73668641390894],[8.022645931438811,46.73692020976709],[8.02288775323954,46.73719568969611],[8.0232098997692,46.73728479001206],[8.02441565953832,46.73737232981342],[8.025448093452006,46.737683732859175],[8.026062904093008,46.737742382042285],[8.026415728495264,46.73771362483279],[8.026565553825883,46.737641059056],[8.027308356054967,46.73760595513984],[8.027344623643526,46.73753852535864],[8.027696439224522,46.73745346528629],[8.028376299704938,46.73754271171204],[8.028667665369362,46.73749612050071],[8.02932867385416,46.73758421723618],[8.029529638247599,46.73753760553244],[8.029644680844344,46.737560769960425]],[[8.029814454628687,46.75306497302947],[8.02937250206185,46.7531567331654],[8.029083577755227,46.75327983933906],[8.028874858085787,46.753665123503254],[8.028702506795739,46.75381682639939],[8.027949790672464,46.754173845884075],[8.02751779393135,46.7544451251352],[8.027133580591011,46.754536458860265],[8.026749255598157,46.754486739561266],[8.026482913433913,46.75464028115326],[8.025976546846863,46.7548307870594],[8.024930171463671,46.75505696912666],[8.024726220607626,46.755286928544294],[8.0241996962822,46.755441070395406],[8.023783481581537,46.75537066152929],[8.023288044771967,46.75541048478572],[8.022615440456711,46.755254628976694],[8.022169930446942,46.755255060994976],[8.021793916577563,46.75550577415522],[8.021721833451618,46.7554957970001],[8.021676570410422,46.755601025514714],[8.0215583310924,46.75565240039653],[8.021336240467317,46.75565974923154],[8.021044946765105,46.7557772606145],[8.02087909532381,46.755973590899735],[8.020651513553284,46.75603747720858],[8.020527737730005,46.75617038002839],[8.020354575099994,46.756180500305334],[8.020035817448704,46.756470703925906],[8.019930392791222,46.75649570854064],[8.019643437465163,46.75638223928746],[8.019249864435636,46.75649665879987],[8.018727348281624,46.75651477626803],[8.018389233219983,46.756640389711606],[8.017713644490113,46.75699452979531],[8.017263472882998,46.75730133178315],[8.016917648736934,46.75741799317369],[8.016342498100952,46.75751013952188],[8.015594626479837,46.75744013567463],[8.015490317960008,46.75748665716476],[8.015142922594121,46.75751796117496],[8.014326496627952,46.757323327048894],[8.014285019450572,46.75721557898891],[8.014160549638776,46.75719797175311],[8.01400932655804,46.757023299787825],[8.01389319978643,46.7570233267408],[8.013745666436536,46.756941750020054],[8.013750012608003,46.756853363692024],[8.01364634640106,46.75673907369132],[8.01322817196231,46.756658776953856],[8.012072619957838,46.75599634769233],[8.011221823441701,46.755851601016424],[8.01075219892069,46.755843365468046],[8.010618201764064,46.7557192574065],[8.010626245372785,46.75560876833825],[8.010489127127755,46.75539506990645],[8.010179489634753,46.75520380599053],[8.009906671650944,46.75515588303575],[8.009574574359489,46.75522416481546],[8.009293278027144,46.75520125473013],[8.008960399970045,46.7550768334491],[8.008698636717678,46.754900610214285],[8.008532296350305,46.754908348642616],[8.008134668910794,46.754740169126215],[8.007751569208152,46.75467845154722],[8.007586388312642,46.75469555630789],[8.007322626926138,46.75457877425247],[8.006943037407666,46.7546513417811],[8.006848375128152,46.7547179396953],[8.00669730473959,46.754701599079226],[8.006643913215617,46.75461921233279],[8.006353940904503,46.754497736665265],[8.006080896002333,46.75459189224373],[8.005800173734853,46.75454343202508],[8.005696663045505,46.7544007977615],[8.005519614153583,46.75448548888058],[8.005410225990286,46.75447856512388],[8.00528966106099,46.75435452816485],[8.005171970781637,46.75442201250773],[8.004625385630073,46.75443867353053],[8.004229713304973,46.75453800181409],[8.004048559428242,46.75453095519186],[8.003932578845992,46.754459437797166],[8.003591187802378,46.754651726347554],[8.003447749518415,46.75465542201679],[8.003249041935215,46.75455312486182],[8.00310730137107,46.754684091338945],[8.002857568713702,46.75472266574684],[8.002654052661931,46.75467617340245],[8.002453994630883,46.754728885780345],[8.002318678032184,46.75466933643626],[8.002019123160482,46.754663392364485],[8.001876552194569,46.754766519818105],[8.00150066063939,46.75483429226008],[8.001244571405309,46.75472153345678],[8.000676045672448,46.754806065859846],[7.999637026051196,46.754742462923446],[7.999498514273552,46.75465223274766],[7.9992062258606165,46.754669148572034],[7.99885250589832,46.75455553198689],[7.998794943351662,46.754631287762955],[7.998605101408592,46.754668614689464],[7.998185475233136,46.75453036504626],[7.997947187745965,46.754654385368895],[7.997787993226742,46.75459011688276],[7.997671773263576,46.75461348053269],[7.997402456207782,46.75456982852841],[7.997289331795702,46.75450532506041],[7.997165515943288,46.75451686905469],[7.997038475615663,46.75447988810534],[7.996947592109168,46.75439035763975],[7.9968471342506815,46.7544014003452],[7.996512111290597,46.75428396998633],[7.996148480934009,46.75422633742673],[7.995981049817877,46.75408022815118],[7.9959610013151385,46.75400826173135],[7.996043400967372,46.75396215286802],[7.995799199736063,46.75371763649042],[7.995318104056441,46.753615370835554],[7.99526685874852,46.753415665023404],[7.994898504911667,46.75335238425508],[7.994834244662339,46.75322439201677],[7.9946355727927765,46.753103116929424],[7.994512896192079,46.75305472345119],[7.994188246595291,46.75305624838515],[7.994060821610429,46.75294954967333],[7.9938760550394425,46.75293035135769],[7.993785930104312,46.75284127348807],[7.993624417751539,46.75281151782719],[7.993266154696433,46.75260878611426],[7.992891566345197,46.75255958037432],[7.992587827937719,46.752584702885194],[7.992420250306813,46.75265505159693],[7.992197484160493,46.75261607337062],[7.992038889608967,46.752670338746285],[7.991239411902065,46.75242945419823],[7.991156658321883,46.75228515927558],[7.991218563166368,46.75214311538426],[7.990912564807851,46.751942075619205],[7.99077993783944,46.751598452862176],[7.989809416180686,46.750824789506964],[7.9894155889213865,46.75071118436662],[7.988812142576546,46.7507275580998],[7.988499827651569,46.7506113893392],[7.988303668732323,46.750692133604],[7.988171178636738,46.750637708488696],[7.988087275707877,46.75066100592557],[7.98797134809747,46.7505634837164],[7.98779039361141,46.75051402286835],[7.987648163890254,46.750533894085045],[7.9872788431814365,46.750348171626044],[7.987075134887504,46.750411174614605],[7.986696119764808,46.750391799452544],[7.986479323517168,46.75024979924332],[7.986121439562623,46.750162682545074],[7.985971386212998,46.75002530916603],[7.985689283135886,46.74991002252395],[7.9854100753269135,46.74985822164591],[7.985240575614748,46.7496367140732],[7.985044917521792,46.74953562121494],[7.9850369218791775,46.749420614048276],[7.984812890649133,46.74934786684188],[7.984740152425316,46.749195288421554],[7.984306669086776,46.74898731994719],[7.984046866002002,46.74899285132797],[7.983926451628168,46.74875582388862],[7.9836529509869125,46.74878504233024],[7.983453798374772,46.74868850623533],[7.983303536590485,46.74852809250428],[7.9829447136473055,46.74844873362531],[7.98285408701154,46.74835927176894],[7.982481824867547,46.74829283923405],[7.982330142865892,46.748180728647675],[7.982059914928994,46.74809672642705],[7.981759352122331,46.74811416780214],[7.981562695210577,46.74800624605939],[7.9813924258524365,46.74800932191625],[7.981245371858904,46.747886015315025],[7.980892395428985,46.747912429091684],[7.980246473994665,46.74781681944744],[7.980116840013295,46.7476972519785],[7.979751640757898,46.74762831228578],[7.979609314015346,46.7473193649519],[7.979651778428359,46.747268221518006],[7.979533567922382,46.74709601972092],[7.979561098269839,46.74675732906721],[7.979345969461035,46.74654327033242],[7.97909810015121,46.74642858810442],[7.9788466256852795,46.74612091169619],[7.978442547276257,46.745837470463755],[7.978356550790211,46.74582118979747],[7.9782133897407395,46.745665791431826],[7.977581209589649,46.74541498991687],[7.977021357552027,46.74541953649071],[7.976800601041912,46.74527213029779],[7.976659837590189,46.74507964763147],[7.976071346738416,46.744929419320144],[7.976019425588485,46.744854963660075],[7.974916547461688,46.744331687214206],[7.974515738885452,46.74401562558609],[7.974112841502884,46.743794584404554],[7.97375857908319,46.74350139380663],[7.973682750424739,46.7430237560815],[7.973475771680182,46.74271972767571],[7.97348145749162,46.74260415192769],[7.9733481215615924,46.74235904185974],[7.973217073188647,46.74223780003817],[7.9732927655415375,46.742070549530354],[7.973227944198779,46.74202074708576],[7.973317356757748,46.74176699314241],[7.973294625337907,46.741650497891264],[7.972925026336777,46.741346113937304],[7.972784502988124,46.74133286374779],[7.9726931003297485,46.7412665343259],[7.972747148530625,46.74099463997235],[7.9726847396903775,46.74077977372553],[7.972379770679935,46.740588548038374],[7.972133058247868,46.74051647578419],[7.971647910571169,46.74012633196213],[7.971563698957843,46.7401094531715],[7.971363856235553,46.73987649828064],[7.971380366286378,46.7397767134886],[7.971286817641045,46.73969534323037],[7.971154514431351,46.73968189980017],[7.971073523041549,46.7395323737518],[7.970940215777315,46.739529855475425],[7.970885227296487,46.73941111719354],[7.97069728905023,46.73934597353696],[7.97070409833032,46.73930135037875],[7.9706065918420945,46.7392590031456],[7.970621545225946,46.739171090975496],[7.970515424813588,46.73908179948744],[7.970337978760963,46.73908408277809],[7.970192597651972,46.73887444097295],[7.969976441553446,46.73884285526938],[7.969913605984694,46.73874016527956],[7.969734440623171,46.7386925837398],[7.969592484034657,46.73850085358986],[7.969639172845237,46.738426638356366],[7.969383286861558,46.7382478874228],[7.969367996767462,46.73815794796544],[7.969228688663212,46.73812228861443],[7.969173205176228,46.737977941191126],[7.9689147859023395,46.73795522156295],[7.968884154753423,46.737901884591814],[7.968768737179876,46.73789127462998],[7.968662982841197,46.73776805713052],[7.968492783829985,46.737821732086594],[7.968211071838664,46.737695929782646],[7.968007401256776,46.737680060863994],[7.967967024003973,46.73762279273319],[7.967869459546896,46.737647425063464],[7.967697358930125,46.73752708677098],[7.967574109129397,46.73751557632837],[7.967289289395197,46.73731786591982],[7.967299999223032,46.737242387824814],[7.967177155183179,46.73709847708574],[7.966403068713984,46.7367884134777],[7.96617741544083,46.73665013109384],[7.9660977199799365,46.73649208567686],[7.965821690264959,46.736297029740534],[7.96519391394719,46.73599755425215],[7.964972798261779,46.73567847198918],[7.964650814051919,46.7354835080172],[7.964363098649485,46.73541083423806],[7.964108139760445,46.73515197001603],[7.963967209603547,46.73517974007166],[7.963651423506634,46.73510349637665],[7.963532099499753,46.73501870297322],[7.963504302757978,46.734922424304614],[7.963309840093754,46.73486596134339],[7.9627271141298905,46.735089434460384],[7.962226153916604,46.73514657810611],[7.9617262151857995,46.73514584585945],[7.9611766930283885,46.73505359161385],[7.960967847079102,46.7350789968857],[7.960127624130331,46.73455506088021],[7.959942383601752,46.73448434596875],[7.959773542272771,46.734477865836055],[7.959641780560873,46.73422598598725],[7.959277339434261,46.734044298232405],[7.959036324985526,46.7339883280275],[7.958851180295836,46.7338457176997],[7.958792305276972,46.73365696923638],[7.95862428722861,46.73349655913128],[7.958633163548027,46.7333748705762],[7.958427568831312,46.733170678487454],[7.958440878688478,46.73309906653723],[7.958332697096198,46.73304919211131],[7.958254510513091,46.732903602385136],[7.958174112732766,46.732889871880985],[7.958142565857256,46.73278073621458],[7.957895578379577,46.73257772092979],[7.957871541153407,46.732497076253686],[7.957515127034477,46.73226117463195],[7.957416518848042,46.732288312582966],[7.957051794047625,46.73219758305452],[7.956818081472021,46.73205339971743],[7.9559077383585315,46.731829440912094],[7.955649305442726,46.73168680643493],[7.955416078745882,46.73166797239301],[7.955343814452554,46.73157012978621],[7.954853065125329,46.73140628888071],[7.954189988352053,46.73086109765497],[7.9535164603665285,46.73046838095337],[7.9529044750255045,46.730231502706516],[7.952680865683667,46.73026980512899],[7.952497039195242,46.73022137204607],[7.952300159244644,46.729968256447556],[7.951938685906724,46.729731154850576],[7.951816000641743,46.729702461232726],[7.951514061606423,46.72949624275021],[7.951063461165814,46.7292808132366],[7.950707857291624,46.72892350859273],[7.950384021580626,46.72875397059146],[7.949997134814185,46.72835261727522],[7.949797323685531,46.72829512084571],[7.9496925486431325,46.728065570974124],[7.949479673929824,46.727947636714966],[7.94940505602715,46.727810894730034],[7.948688858774109,46.72723490127481],[7.947376760516988,46.72655143424527],[7.947027459895231,46.72629640661736],[7.946835005635323,46.72634673908231],[7.946442968240365,46.72630704867516],[7.946392134704309,46.726227906068246],[7.946178075468961,46.726143857550184],[7.945950893729206,46.72594952632269],[7.945765107439934,46.7258963414603],[7.945585976745306,46.72576196804159],[7.945398566389534,46.725753084352846],[7.945343011845594,46.725592992419884],[7.945201746581723,46.72558337295481],[7.944639582554141,46.725208947127136],[7.944285008151499,46.725056188023316],[7.944196952994555,46.72496483120639],[7.944073958949439,46.72496443997345],[7.943969430230146,46.724873974480225],[7.943869858800617,46.72486313440976],[7.943837800781816,46.7247964475547],[7.943666354213438,46.724772278789736],[7.943583005260358,46.72470002543638],[7.943379260720404,46.724650568327576],[7.943311929810772,46.724513160499995],[7.943041550686012,46.72436704212203],[7.942918882363779,46.72420242371047],[7.9427457678041,46.724086181508596],[7.942404743883942,46.724039892216595],[7.941735157808004,46.723723327104715],[7.941300461305927,46.72332952251712],[7.941161189480392,46.723124287995304],[7.940653924972737,46.72282424696741],[7.9404150059673695,46.72260894255094],[7.940085110162371,46.72220312250591],[7.9397355132302705,46.72190373446344],[7.939696530910923,46.721775159805034],[7.939262768837079,46.721625665127235],[7.939071212055253,46.72142449836678],[7.938662925894828,46.72119345222316],[7.938499553946938,46.72097173200673],[7.9381106113305,46.72086996561386],[7.937871796222144,46.72069924686401],[7.937610975025005,46.720591530301796],[7.937410060811348,46.72061116377057],[7.9371816715752495,46.720511049849094],[7.9370776605325695,46.72042913068213],[7.937111987349402,46.72032329104485],[7.936944988616384,46.72011296393909],[7.936598532626895,46.71996932122926],[7.936374045565698,46.719792554791475],[7.936061048950706,46.719728151205594],[7.9358654822191275,46.71952697857304],[7.935613870978898,46.719399903726625],[7.935507740077662,46.719266195440035],[7.935232846200207,46.71916018989038],[7.935189687682537,46.719044054852525],[7.934825517907427,46.71867801251351],[7.934612575444451,46.71859780570044],[7.934583602766099,46.718496532605215],[7.934398369643088,46.71836418325719],[7.933861239520815,46.718178729417026],[7.933689106928463,46.718045494520965],[7.933557891165609,46.718016818356105],[7.933137119567668,46.717693790213126],[7.932784027488289,46.7175625337291],[7.932355877886811,46.71726423668319],[7.932004506051833,46.717174746133914],[7.931807088869288,46.717043281830954],[7.931873687065481,46.717007254543965],[7.931440445759449,46.71682507385428],[7.93141904052738,46.716765462123426],[7.931035656986864,46.71657137943365],[7.931009123476548,46.71651157384068],[7.930746096686602,46.71643079313488],[7.930138047857518,46.715961095194935],[7.929871926239349,46.71587753715373],[7.929473033263499,46.71559457602105],[7.929269887986816,46.71555834186378],[7.929012632239208,46.71535318560918],[7.928822710131106,46.71532406341058],[7.928718430557192,46.715221564786894],[7.928174638101052,46.715047222520084],[7.928042394485718,46.71491549035863],[7.927930959236239,46.71492810294737],[7.927812855217202,46.714875876407966],[7.927316215964773,46.71450606866345],[7.926768083531666,46.714169969646484],[7.926515286518085,46.71407877253156],[7.9262399892562865,46.71387388503751],[7.92611591767451,46.71381500746226],[7.925902434802988,46.713807615508124],[7.925514338682273,46.71362881806866],[7.9254618440433235,46.713536206814446],[7.925357044673103,46.71350847913698],[7.925229183441616,46.71338875223427],[7.924990082760917,46.71333498723887],[7.924949706862732,46.7132809244447],[7.924778390470709,46.71330979218204],[7.924569299602598,46.71325099593572],[7.924353499381096,46.7131208474208],[7.924284546463617,46.712964760407786],[7.924030349390992,46.712917516474704],[7.923759924751497,46.712746704802434],[7.923452618524285,46.712687837909805],[7.923213900621213,46.71251142099751],[7.922601368998503,46.71219913488768],[7.922218238723592,46.71210359589588],[7.922056343779698,46.71202314960254],[7.922021439912227,46.71195316731891],[7.921756412804662,46.71200008557491],[7.9216982880529825,46.71196435787313],[7.921718670565131,46.71190514330627],[7.9216386332165865,46.71187595813629],[7.921653470722219,46.71181382545695],[7.921499581561924,46.71177731521377],[7.921366730700061,46.711825202903654],[7.921284784692987,46.7117989941155],[7.9212039704613995,46.71173549355318],[7.9212331312548425,46.71165458947221],[7.921090380353017,46.711595551503656],[7.921019311694324,46.71143997523326],[7.920826511751434,46.711404339088645],[7.920870952641082,46.711338609199835],[7.920795101502598,46.71126105419179],[7.919577527969847,46.71052015265956],[7.918652464025293,46.710149753974406],[7.918418433073096,46.709863353666314],[7.918302632474968,46.70986648482179],[7.917900770019762,46.709726346716934],[7.917606239937222,46.70953784631247],[7.917198747528455,46.70939942953405],[7.917028254234359,46.70927364715799],[7.916437062074697,46.709047452950905],[7.91605277002773,46.70882106561258],[7.915626952805723,46.708426362090506],[7.915493978275082,46.70806124462896],[7.9150778686462395,46.7076510620117],[7.914141989159851,46.707252101916346],[7.913083030878032,46.707046763985076],[7.9128727209495855,46.70696402306377],[7.912649078312632,46.70679389947878],[7.911568296069485,46.70628367693679],[7.9108808077016315,46.70607956830243],[7.909675573613966,46.70555651095167],[7.908605285755625,46.70518534372695],[7.908034163016509,46.705104617984105],[7.907246578555736,46.704884068076204],[7.907000397591506,46.70485484367936],[7.906697581413638,46.70489638569062],[7.906599598197339,46.70483879237744],[7.905583782060666,46.704685499872745],[7.9053490288490105,46.704699863021645],[7.9044961238761795,46.70447378590835],[7.904422936556893,46.7044086232005],[7.904287930745065,46.704385119447544],[7.904245856060498,46.70431433342406],[7.9041268349936615,46.7043187677224],[7.903830492312246,46.70419015026426],[7.903731355126506,46.70406481306367],[7.903264536875624,46.703923556783444],[7.9024769640051975,46.70352330415969],[7.90191955920033,46.70322447392652],[7.901764943622506,46.70308501204692],[7.901399499557087,46.702966194904654],[7.901275338817194,46.7028907748164],[7.901147369452324,46.702681964742816],[7.90084351816966,46.70256791591614],[7.900609231349207,46.70254564621793],[7.90033385924933,46.7024558769867],[7.900104505757311,46.702241737204496]],[[7.900011933405564,46.69139733754865],[7.900130962224959,46.691061011033796],[7.900108749200223,46.69091682865975],[7.9000068501764735,46.69080173580162]]]}},{"type":"Feature","properties":{"depth_m":19,"elevation_m":545,"shore":false},"geometry":{"type":"LineString","coordinates":[[7.9712150238103225,46.715418639785646],[7.97124831829918,46.71581214423558],[7.971515462444163,46.716146598519856],[7.972141039602641,46.716433914033274],[7.972253328194475,46.71663813093686],[7.972440399740941,46.716812654288425],[7.973129569108907,46.717318118110335],[7.9736651871213935,46.71745680600064],[7.9738376349438,46.71760145798615],[7.9743271618224645,46.7178070707188],[7.974416444449097,46.717791377203554],[7.974493415658168,46.71769490624826],[7.974434644057632,46.71747945671665],[7.974202916394311,46.717004762440624],[7.973920118821124,46.71672943538078],[7.973698725633838,46.71664764076344],[7.972832856600846,46.716078391164224],[7.971660129631346,46.71546511265269],[7.971439517607952,46.71538870743632],[7.971240214787567,46.71538157705662],[7.9712150238103225,46.715418639785646]]}},{"type":"Feature","properties":{"depth_m":19,"elevation_m":545,"shore":false},"geometry":{"type":"MultiLineString","coordinates":[[[7.92051679807367,46.68991525318807],[7.92084301390575,46.690166634833375],[7.920952438541416,46.69018330930616],[7.921148329675344,46.690307188351284],[7.921136073201534,46.690540713524506],[7.921316248484259,46.69060266961077],[7.921353384502723,46.690695887544344],[7.921552134819745,46.69072391404527],[7.9216635327653435,46.69089982067347],[7.921795861619049,46.69096459617807],[7.921892169511986,46.6911940456488],[7.922045289836564,46.69127829841289],[7.922246855491325,46.69126418511184],[7.922374434608308,46.6914334916529],[7.922722308877364,46.69146536397966],[7.922778633259235,46.6915491445995],[7.922956731844964,46.69164136831738],[7.9231077802208345,46.69163852346992],[7.923170300473573,46.69187671510627],[7.923385951275547,46.69189941323045],[7.923555240377364,46.69207175279697],[7.923673329749887,46.692033676259804],[7.924024566506876,46.69207405822912],[7.924122351255768,46.6920372729724],[7.924240269850587,46.69208355788253],[7.924302398390328,46.69221060918492],[7.92488008369056,46.692290613369785],[7.9248952453831745,46.692393414179556],[7.9251271317458105,46.6924940592367],[7.925288975717733,46.69267357952634],[7.92565330592279,46.69277216558014],[7.925723230563319,46.69286296632534],[7.9258424217605015,46.69289343878028],[7.925866219342337,46.693034542117644],[7.925949054835583,46.69306806622002],[7.926089816104842,46.693337524038405],[7.926354307646213,46.69350116794236],[7.926604190551508,46.69357281207886],[7.927168984588628,46.693608799073914],[7.927335482781393,46.693688867513],[7.927466626857195,46.693658710322715],[7.9275898307429795,46.69369166457155],[7.9277038400384185,46.6938050972881],[7.927929253242301,46.693795990341066],[7.928069901363983,46.69387117590772],[7.928210147002819,46.69388456282713],[7.928318694290822,46.693803307241744],[7.9284544076970604,46.69381862937628],[7.928553102942378,46.69391544899583],[7.928751292453164,46.69391449936991],[7.928853389431918,46.69396827787238],[7.928982744677736,46.69386489292611],[7.929185246414362,46.693977530252276],[7.929256552442082,46.69392874620674],[7.929319939088398,46.69394082482891],[7.9293377578442135,46.693888897238246],[7.929454767990665,46.6938874676869],[7.929573709181501,46.69399644248347],[7.929653298298827,46.69391253048513],[7.9299490976866975,46.69381391578818],[7.9300697037461,46.693883032116034],[7.930163537169879,46.69381580836452],[7.930294991053977,46.69385577677655],[7.930644238162445,46.69383082945668],[7.93098578476649,46.69392359555765],[7.931298119571832,46.693902376699135],[7.931533150098846,46.69410491609673],[7.93162326375639,46.69411450318824],[7.931845184332789,46.69425984115302],[7.931917625417722,46.69436143105887],[7.932094166681012,46.69442496912652],[7.932297025278113,46.69443545363675],[7.932532734662523,46.6945585293446],[7.932822571148057,46.69458722164655],[7.932937629181153,46.6946838227389],[7.933109784400981,46.69469926941359],[7.933235497304643,46.69480288565495],[7.933428615996784,46.69484177368686],[7.933594529561765,46.694986478412815],[7.933975268118786,46.695090283267874],[7.934355135752066,46.69536267840804],[7.934516244495252,46.69536941815029],[7.9345915370172495,46.69552315085763],[7.934798965706879,46.6956749060003],[7.934912201111388,46.695847175578685],[7.935162352698614,46.695944203619554],[7.935351898554977,46.696104446485215],[7.935739102146514,46.696268830152626],[7.935871516092682,46.69638646555995],[7.93635514648645,46.6965309155308],[7.93652713899824,46.69662871310222],[7.936538785789671,46.69668378775015],[7.936722755390652,46.69674612585161],[7.936885334438813,46.696713319895075],[7.936983458206473,46.69680549300468],[7.937229020538315,46.69690161900985],[7.937443246043384,46.69689170555651],[7.937904071854777,46.69699953730253],[7.938057725820499,46.69698280797894],[7.938137989530856,46.69705629326946],[7.938331894324867,46.69711954785185],[7.939049614702858,46.697542447990166],[7.939414795750708,46.69783943093878],[7.939538340773562,46.69817256523696],[7.939654297848635,46.69827375244104],[7.939775562010726,46.69829720266619],[7.939931059345319,46.69856625508053],[7.9401749236889,46.69869494654913],[7.940381259402917,46.69895128902584],[7.9404192574068455,46.69912472040537],[7.940493340856555,46.699195154694074],[7.940475303517973,46.69940139666646],[7.940539635984596,46.699566436231045],[7.941044538361179,46.69984836164039],[7.941085149164815,46.70001140929378],[7.941202285770943,46.70010934230807],[7.941227573643993,46.700314638036595],[7.941309338135703,46.70039524806696],[7.941713703390533,46.70059019325072],[7.941906034941379,46.70062450068159],[7.941971468039166,46.70070773699759],[7.9421806787899145,46.700796582244585],[7.942221508194845,46.70093914539948],[7.942149788406032,46.70099518986662],[7.942135159845917,46.701117595439946],[7.942043635305502,46.701175580281394],[7.94205736631765,46.70126559334248],[7.94246062998039,46.70152932162004],[7.942843981582616,46.70163870781587],[7.943151823570694,46.70182801107702],[7.943296707988278,46.701860834645466],[7.943745187322638,46.7022045369183],[7.943844249795572,46.70241856430534],[7.943912842935852,46.70247980911932],[7.94402915618921,46.702496970806344],[7.9441686462020105,46.702774778141944],[7.9442841928871974,46.702831514901355],[7.944302126071384,46.70279443630434],[7.944458012039622,46.70302157904479],[7.944634322117528,46.70309490412117],[7.94464319387768,46.703141651263806],[7.9448659055512625,46.703194808948545],[7.94553636331285,46.70361415389705],[7.945982303507438,46.70401858845156],[7.9463931535884305,46.70416836607848],[7.9469590898233555,46.704661374221295],[7.9470916366759115,46.704725795729274],[7.947154054883402,46.70470543942635],[7.947600786491863,46.705022273367035],[7.947724874565375,46.70503673393301],[7.9481229864586425,46.705295940473896],[7.948536244708546,46.7057297288679],[7.948612344438522,46.70590363506592],[7.948871239842685,46.706020303686344],[7.949049093740791,46.706201392166754],[7.949406797811568,46.70637457840368],[7.949629892629271,46.70657142191181],[7.949878221287626,46.706644605517354],[7.949956315954911,46.70676893577043],[7.950153225407428,46.706823934900356],[7.950432117588329,46.70704493211854],[7.950774894253187,46.70712254806195],[7.951128179626669,46.70733186635579],[7.951888392484478,46.70762845723584],[7.952292388700078,46.7076331354301],[7.95257326771778,46.70778118163603],[7.9528736052145135,46.707803991787806],[7.953254464403356,46.70799899317961],[7.953778774311354,46.70816557658581],[7.954209692128222,46.708462620709824],[7.954463676424193,46.708541732969444],[7.954765467119551,46.70858745255672],[7.955295746001017,46.70845404144945],[7.955532657328637,46.70845296922122],[7.955937698866575,46.70837491460655],[7.956173332229659,46.70846436126732],[7.956431149308937,46.708496890194645],[7.956596182651992,46.7085921254871],[7.956764962420438,46.70860477228415],[7.95696578995545,46.70867961335303],[7.957055233333929,46.70876487306364],[7.957526889529067,46.70885140998023],[7.95805865743846,46.70879441545461],[7.958452741718948,46.70884847619364],[7.959051100375726,46.7091188502009],[7.9594761134923555,46.70919703676916],[7.9599744534337855,46.70937822027156],[7.960223315856497,46.70954316184572],[7.960264179869329,46.70970941309854],[7.9603879523898735,46.70975200883498],[7.960771613695806,46.71021916349831],[7.961509985928612,46.7107045735891],[7.961870463545646,46.710844955006245],[7.962125117227786,46.71101645975158],[7.962092815502733,46.71108942780157],[7.962225589961927,46.71113198928605],[7.962287199664191,46.71122907592083],[7.96201987853504,46.71154963887747],[7.962068454756498,46.7117525564722],[7.96218458310187,46.71187076694968],[7.962665856800004,46.71221976832247],[7.9632302923225105,46.71240752505481],[7.963594671262335,46.712631470928315],[7.96392035595193,46.71295512176432],[7.964451933231185,46.7132875660932],[7.965065361791679,46.713803781051354],[7.9652862852063455,46.71381579709151],[7.9654588304471385,46.71390421126052],[7.965721517157277,46.71380122200891],[7.966012252306952,46.713913503993126],[7.966154371615129,46.71390214269336],[7.9664782744363904,46.71409058955591],[7.966656738188006,46.7139974418847],[7.96693891279544,46.714124738896615],[7.967068999857346,46.71412939944484],[7.967319460747979,46.71400951523116],[7.967409798101033,46.71401115695732],[7.967646172477562,46.714075631615714],[7.967789344485084,46.71406090801494],[7.968140327313094,46.71419201220608],[7.968797871477521,46.71427451012577],[7.968987199833556,46.7143678246655],[7.969339707375072,46.71471753098307],[7.969605639189117,46.714886492917216],[7.970179540170594,46.715079182007386],[7.970323724496928,46.71506212963787],[7.970377880737937,46.71500064390874],[7.970005382761925,46.7145887117593],[7.970116290619872,46.71447566871111],[7.970210492302257,46.71448847186014],[7.9705452496261895,46.71435755520439],[7.971338383891619,46.71455376885288],[7.972056409415618,46.714572222487696],[7.972108569772227,46.71453534842103],[7.972189100992302,46.714558369921605],[7.97307711576259,46.714438370867754],[7.974280199081825,46.71471724902944],[7.974779297731189,46.715077990319514],[7.975088903496364,46.715425802451726],[7.975849994686862,46.716071217629086],[7.9764411551017576,46.71612848114016],[7.977322818515993,46.716369304714334],[7.978174147803419,46.716986140297195],[7.97879736506573,46.71737689892561],[7.979048165759532,46.71747769632187],[7.979242140188579,46.71767162460558],[7.979464253444125,46.71771041474519],[7.9798918807588475,46.71789481514474],[7.980042500053467,46.71788381008339],[7.980292405501398,46.71796790402602],[7.980871207977276,46.71836681424741],[7.981172169911683,46.71847981882899],[7.981360164790306,46.71848105749201],[7.981527984921819,46.718593641339474],[7.982081524977026,46.71877335086942],[7.982591484123121,46.71907100979306],[7.9830774640648885,46.71923668819995],[7.983162548306158,46.7193287221375],[7.983564114293762,46.71949832727514],[7.983993503740196,46.71980392078575],[7.98412225843992,46.7198163045913],[7.9841181537989,46.719900739670955],[7.984263634753058,46.720011186303424],[7.984621206167551,46.72010948227415],[7.984895003445078,46.72039303914481],[7.985105076817807,46.72052667243903],[7.985161806270044,46.72066890154719],[7.9849977594123605,46.72085831695731],[7.98524550879108,46.72107232606015],[7.98546899419993,46.721185393337],[7.985726360330634,46.72118108414601],[7.986002228716003,46.72124195835709],[7.98675557944117,46.721820257651046],[7.987263707446165,46.722104806918175],[7.9881444201952,46.722393318987045],[7.988311103192163,46.7223812902117],[7.988453841565911,46.72247010113096],[7.988446623352011,46.72253458095027],[7.988514909889965,46.72250423357804],[7.9887585796038225,46.722569870976464],[7.9895779509219444,46.72301147716798],[7.990063058525466,46.7230643243468],[7.99039959965363,46.72318300711172],[7.990497046138865,46.723260474857476],[7.990496955432509,46.72335401240883],[7.990765838108584,46.7233671508337],[7.9914687374466835,46.723747353307076],[7.991780877686505,46.72382781953122],[7.991784854410622,46.72388657806656],[7.991913781143347,46.72388269708948],[7.991941130580678,46.72394112648704],[7.992616209455554,46.724174719127475],[7.992660365200328,46.72426719645419],[7.992893333800643,46.72441816505978],[7.99329370465591,46.724588245725556],[7.993443598489046,46.72475208467713],[7.993655640795946,46.72484700233627],[7.993638717210229,46.724891910076174],[7.994178070103732,46.72510136993889],[7.99434574593474,46.725265229162794],[7.994482730906272,46.72531570298938],[7.994583849312676,46.7253041550936],[7.994704736510498,46.72538181101517],[7.994808836137874,46.725368854073466],[7.994848076162,46.725417968316634],[7.995005512774739,46.725396493376884],[7.995274772931617,46.725507339506755],[7.995437719108107,46.72550383748264],[7.995907859022965,46.725709623556575],[7.996138699580948,46.725740395619134],[7.99640971148061,46.725841866024595],[7.99669015994652,46.72609814141035],[7.997031823301289,46.72616745634983],[7.9972247094307125,46.72629618590131],[7.997776413545922,46.72650186221383],[7.9980921112763905,46.726526754476254],[7.998678088829176,46.72680496168817],[7.999151130915782,46.72693767526929],[7.999303996130373,46.7270413738371],[7.999545420820407,46.72700599576321],[7.9997443130034345,46.72705719374318],[7.999928220352724,46.727044838529366],[8.000173450825807,46.72709746322077],[8.000202902409693,46.72715322660464],[8.000620995430227,46.727304915323366],[8.000847348679793,46.727289507118805],[8.001247813912993,46.727503089698295],[8.001395551705569,46.727636442538135],[8.001844627167333,46.72771509106124],[8.00201044480419,46.72783073139709],[8.002016544225436,46.72790627408524],[8.002199711962716,46.72797324284792],[8.002189597254132,46.728088356606094],[8.002502750366986,46.728180420068654],[8.00264009303617,46.72826744985992],[8.0026172679124,46.72834793005563],[8.002765774267939,46.72834517257764],[8.002754847597993,46.72839998330383],[8.002868132167501,46.72842182295556],[8.002937477316294,46.72854416354081],[8.003672124051539,46.7287305202521],[8.00401634242691,46.72900391390778],[8.00483888373962,46.729182496510425],[8.005078297441534,46.729358911238755],[8.005475215816883,46.72956055039836],[8.005892820746135,46.729707400646156],[8.0060622760942,46.72987025343665],[8.006473853360871,46.73001082553972],[8.006591452085953,46.730096581426665],[8.006777095756604,46.73010914263193],[8.007390128610846,46.73029616139203],[8.007850208883353,46.730378275892754],[8.00804342170261,46.730473296797385],[8.00850979299247,46.73085004013116],[8.009110788879854,46.731015798965046],[8.009790772141532,46.73136359229141],[8.01004139284983,46.73135903728914],[8.010114091163121,46.731448945319066],[8.010201720210137,46.73144271359556],[8.010241739347883,46.73148581857517],[8.010936809298814,46.73168071079791],[8.011496481224732,46.7317565993157],[8.012241789533403,46.73200731976979],[8.012697432330691,46.732279102282476],[8.012972467474901,46.732311183541015],[8.013167503827646,46.73245311718415],[8.01370153985759,46.73266620925333],[8.014250300868943,46.73279480903998],[8.01549359438754,46.73323833903264],[8.016673487375266,46.73372047110952],[8.017150164376606,46.73396154414869],[8.01724549282117,46.733970236868295],[8.017514276523308,46.73413694147882],[8.017684763091658,46.73417542444662],[8.01803765129735,46.734410437517965],[8.018364181167582,46.73454452565595],[8.018518405619858,46.73464626669461],[8.01860771351058,46.734825160417714],[8.018888613571555,46.73491931297794],[8.01908483914184,46.73506121255387],[8.019510368172893,46.73515395382217],[8.019769135303855,46.73532119886598],[8.019895148639657,46.735275228334956],[8.020135540000952,46.73533363718471],[8.021318871963802,46.73598200746477],[8.021562989547355,46.736169392603905],[8.022373132367324,46.7364671776584],[8.022594425690501,46.7366849747613],[8.022763482249585,46.73701588960791],[8.023023509988889,46.737212006065555],[8.023208420083822,46.73726897415437],[8.024345412204696,46.7373231417526],[8.024646302680397,46.73739201674531],[8.024856311270323,46.737497205278714],[8.025281186860639,46.737581292621556],[8.025460041956588,46.737677932217274],[8.026102367277499,46.73772798386706],[8.026401591930606,46.73769991616778],[8.026609707431035,46.737608024458744],[8.027238028046307,46.73756884149203],[8.027368438178577,46.737478608193214],[8.027528989137393,46.7374982547524],[8.02774224889954,46.73741998991107],[8.028327341759695,46.73751193830955],[8.028650162635714,46.73746897193114],[8.029341776177581,46.73754758194814],[8.02954256115293,46.73747502754392],[8.029644292707411,46.737525314014114]],[[8.029815526289031,46.75316281161681],[8.029436790988326,46.75323679519062],[8.029188127106577,46.7533384726111],[8.028932004649729,46.75375153767576],[8.027579924536276,46.75451702223686],[8.027073038809272,46.754640248010745],[8.026772023430683,46.75460387208814],[8.026558285390093,46.75472630586282],[8.026080054499245,46.75489476296132],[8.024993971080276,46.755130946051004],[8.024780982429819,46.755359098834674],[8.024216448225207,46.755510880968984],[8.023665630528408,46.755440720645666],[8.02339992550794,46.75549242960819],[8.022644002123448,46.75532497312654],[8.022367183960723,46.75529435406791],[8.022198440623333,46.75531948636055],[8.021616190098362,46.755709938407755],[8.021413433940303,46.755723575672256],[8.021118054576844,46.755838499332484],[8.020926455691042,46.756034682072055],[8.020696564128022,46.75610530000976],[8.020594990046693,46.75622268920563],[8.020335285644935,46.75629621092252],[8.02020722389224,46.75643963315498],[8.019970292219247,46.75656656238303],[8.01965772128,46.75648106509739],[8.019255000858328,46.7565945056295],[8.018749954305841,46.7565855204179],[8.018120167290165,46.75686649347303],[8.017318497308372,46.75736211574855],[8.016969395357977,46.75748439819655],[8.016343672822419,46.757588090060445],[8.016040062068079,46.7575632133646],[8.015928070740614,46.75751065978712],[8.01583133447478,46.75754187768142],[8.015609780681263,46.757502282203156],[8.015217590098542,46.75758225429808],[8.014446829386758,46.757452465262155],[8.014274029876812,46.75738789241109],[8.013933759418892,46.75709297390841],[8.0136672332552,46.75699674846194],[8.01367451012789,46.756888574909965],[8.013587364105836,46.75681129985535],[8.013165437733027,46.75671672764782],[8.011997296668568,46.75605211200657],[8.011198551722238,46.7559207233961],[8.01059910283134,46.7558907204693],[8.010424136116372,46.75544769595772],[8.010102158543143,46.75525050246895],[8.009893922602975,46.75522383707557],[8.009587825910447,46.75529523633455],[8.009253236824373,46.755274031735944],[8.008875760808788,46.755131850577826],[8.00866137659279,46.75497279741444],[8.0084734762741,46.75497780067931],[8.008186794023903,46.75482883147762],[8.007975032888437,46.75478165205482],[8.007597693533604,46.75477718965596],[8.007269198046938,46.75469542607691],[8.006815630378131,46.7548002779252],[8.006603474655911,46.754750300273116],[8.006564417156785,46.75467556052001],[8.00641948851903,46.75460351484022],[8.006065225931927,46.75466630123853],[8.005723490852155,46.75460350785566],[8.005656323930257,46.754494211022795],[8.005515130706396,46.75455085562889],[8.005383505447398,46.75454647099489],[8.005275580950345,46.754444590614476],[8.005158464723456,46.75448573279078],[8.004648943364717,46.754507166764],[8.00424657921184,46.75460869620596],[8.00402075402348,46.75460791573968],[8.003943821061618,46.75455933298909],[8.003723235164465,46.75469391973248],[8.003513841659439,46.7547287158036],[8.003273568625529,46.75465309840003],[8.003136279988388,46.75475547268883],[8.002831804692114,46.75479599965816],[8.002640532454645,46.754750103516166],[8.00245440540555,46.754795775492006],[8.002306284174532,46.754734607125485],[8.002191766333112,46.75476915759405],[8.00203369967383,46.75474073715406],[8.001907115116799,46.75482932979305],[8.00174712864341,46.75483895207368],[8.001639007107482,46.754899521895496],[8.00142070149658,46.75488066292679],[8.001224790928173,46.754787739956946],[8.000817543416218,46.754859793528354],[8.000046284544892,46.754857396461745],[7.99958773608275,46.75479551842184],[7.999455425090645,46.75471632241362],[7.999161106888101,46.75472812955294],[7.99897070701221,46.754637334657914],[7.998603883008491,46.75473032188087],[7.998200712640755,46.75460129315889],[7.997935413422735,46.75472058807316],[7.997844391494939,46.75466967735156],[7.99768697475685,46.754682267919236],[7.997176869834683,46.75458829304982],[7.996504497019025,46.75434380129312],[7.996075580444915,46.754255704083505],[7.996051019939744,46.75418916608118],[7.995876298874196,46.75410517124228],[7.995902312711136,46.753960070372266],[7.995717200252462,46.75378601647506],[7.995250909069698,46.753668718580414],[7.9951874366594495,46.75346112013507],[7.994835941014038,46.75339790997728],[7.994801229365397,46.75328089251689],[7.994465985340449,46.75311037389605],[7.994190315451071,46.75312246434882],[7.9940624029716565,46.753065073201434],[7.994046000641304,46.7529808456389],[7.993873024200755,46.752999605651674],[7.993759756156432,46.75294712659894],[7.993768327706088,46.752893560801255],[7.993584149535486,46.75287427819461],[7.993176680055074,46.75265802181918],[7.992811968968779,46.75263265134644],[7.99247142657597,46.7527202919293],[7.992212406142336,46.75269662913676],[7.992014499669285,46.752743717483334],[7.991160083808779,46.75247532884277],[7.991057247887513,46.75228062035527],[7.991125115557877,46.752180233552274],[7.990832911204073,46.75195736638784],[7.990671678123002,46.75163071262006],[7.989857903529485,46.75094888455276],[7.989602590459194,46.75081947205812],[7.989354870216114,46.75077737020927],[7.98883095199325,46.75080099800901],[7.988524960353101,46.75067093656434],[7.988330370478327,46.750759265654516],[7.988224915177153,46.75075458244323],[7.987238515101023,46.7504313411695],[7.9870820339862645,46.750487370666264],[7.986742295845579,46.75048235309257],[7.986435433412924,46.750303200969775],[7.985967908769432,46.75015992777731],[7.985677679972359,46.749975125641825],[7.985379697584767,46.749930395199534],[7.985180547160905,46.74969131697608],[7.9849553547246535,46.7495660319933],[7.98497665769512,46.7494739046074],[7.9847493527237585,46.74939192539869],[7.984672401446035,46.749238143664336],[7.98423212603014,46.749035379866186],[7.984008273475886,46.749048709633726],[7.9838727288004705,46.74883743694515],[7.983575962128789,46.74882809391267],[7.983259189112858,46.74857913833011],[7.982901404538294,46.74850414625146],[7.982803935720166,46.748425304830434],[7.982607126959933,46.74837017208559],[7.982508334557006,46.74838071751253],[7.982309401212143,46.748253620159204],[7.9820471643650235,46.74816394860527],[7.981782627562272,46.74818508682467],[7.981505300651415,46.74807048684733],[7.981339026579389,46.748055732251395],[7.981154887970393,46.74793539932049],[7.980670878722075,46.747992479977164],[7.9805875571165386,46.74794453259299],[7.980159928837697,46.74789755182283],[7.980083918598413,46.7477616999067],[7.9797580149060945,46.74770412442645],[7.979584998181564,46.74754786165179],[7.979618467879407,46.74748323135918],[7.9795279945440925,46.74733912657741],[7.9795580050652095,46.74728452483548],[7.979431478567176,46.74710647914843],[7.9794707008134935,46.74688584607722],[7.9794021826334705,46.746755553537035],[7.979241075812053,46.746597686621705],[7.978906817866386,46.74649042930524],[7.9788720389357355,46.74628039237954],[7.978080433240248,46.74571958355334],[7.977596159405575,46.745498102180356],[7.977307372228794,46.74551270568206],[7.97698154562631,46.74547037859224],[7.976744967410538,46.745334759177],[7.976599688924341,46.74515931747334],[7.976077411894879,46.745016810518884],[7.974885515266846,46.74443524686039],[7.973990453421194,46.74389532450904],[7.973727774963975,46.743687559122215],[7.9736061796816315,46.74351838063396],[7.973521217847379,46.7430063322336],[7.973201064626862,46.742374752762935],[7.973065390065626,46.74224352025519],[7.973147651332581,46.74209869226236],[7.973056254098406,46.74201590106263],[7.973150244186106,46.74190722569331],[7.973115603749014,46.74163855272121],[7.972857590205447,46.74140089795907],[7.97270777965225,46.741377418067685],[7.972601984171395,46.74130192631654],[7.97265236369412,46.74100435757719],[7.972595669012198,46.74081550698552],[7.972328307659544,46.74064555101896],[7.972104782361903,46.74059339470351],[7.971495744937492,46.74015814875614],[7.971285216569142,46.739923012647296],[7.971237226374612,46.73974315243568],[7.971108725404106,46.739738452990615],[7.9710312054404975,46.73960790055416],[7.9709289096722,46.739610743079645],[7.970758567239709,46.73943911697027],[7.970625817517363,46.73938824410361],[7.970642670149697,46.73933638665534],[7.9705350294742106,46.73930533111783],[7.970530606383359,46.739163157445454],[7.970297528354154,46.739145990197905],[7.970159108502507,46.739054671742906],[7.9701157126328255,46.73893566326231],[7.9699059312643765,46.73889238040777],[7.9698398634953165,46.738773693149355],[7.9696894491909065,46.73875313572059],[7.969567809177164,46.738636865575195],[7.969489174099541,46.73842828000424],[7.969291783328397,46.73827551534667],[7.969313448256778,46.738195317427795],[7.969176083898842,46.7381750495388],[7.969096431090745,46.73805044283206],[7.9688542682625005,46.738005662207826],[7.968811167409081,46.737942973639875],[7.96870484760052,46.73794478036876],[7.968663141986573,46.73785358704762],[7.968493663690586,46.737892730682404],[7.968270774091321,46.73782379606472],[7.968177479362912,46.737747477654956],[7.9678380408348675,46.73770452207682],[7.967690054459973,46.73764426196685],[7.9676421311911625,46.73757397597848],[7.9675007373452535,46.73755219547876],[7.9672103567055865,46.737346450514515],[7.967125024600795,46.73716369384822],[7.966294824541969,46.73683274030586],[7.9660842202033075,46.736679932217754],[7.966033816675743,46.73654562596887],[7.965741302425042,46.73632391086645],[7.965110994849221,46.736029169319046],[7.9648952328710845,46.73571700687777],[7.964590767510402,46.73553810922468],[7.964324590124267,46.735456250576746],[7.964059265362743,46.73524678408636],[7.963662510406588,46.73517129061772],[7.963532455718074,46.73510380918452],[7.963471312652682,46.73528394014208],[7.963014480678556,46.73540011185818],[7.962042051964182,46.73549621005562],[7.961415757065242,46.73538174758428],[7.9611363871858005,46.735394899952695],[7.960472234474921,46.73499647791898],[7.960289901339866,46.73483686428719],[7.9597834620462145,46.734589285657215],[7.959587333440111,46.734541333852206],[7.959623408964344,46.73436408100745],[7.959534271802505,46.734255712113594],[7.95939363738872,46.73417032791045],[7.958980823014904,46.73406011424313],[7.958676514929026,46.733855121800794],[7.958662131722359,46.733710636210944],[7.958313706422573,46.73318988048786],[7.958318882394907,46.73311458135672],[7.9581779260351535,46.73295714198781],[7.958093393186878,46.732937897909146],[7.957778725231882,46.73254428446656],[7.957485766450557,46.732352191027985],[7.956979735887036,46.73224973397573],[7.9566935841136255,46.73209030680916],[7.955837100582764,46.73188243026957],[7.955598336820303,46.731744474314986],[7.95533850170771,46.731708129057935],[7.955281122019268,46.731622192291475],[7.955072174192577,46.731540062311645],[7.954905452207484,46.73153253992849],[7.954442981216905,46.73124726315751],[7.95412423814095,46.73095194456685],[7.95343410506444,46.730546609453754],[7.952900391509456,46.730321999307456],[7.952657943230235,46.730320481804654],[7.952435137947156,46.7302632103752],[7.95220659931945,46.72998405068275],[7.951107971495177,46.729394309533625],[7.950475657448488,46.72885420331758],[7.950284445328513,46.72877390122206],[7.949913440628594,46.7283987797561],[7.94965227359757,46.72825548733548],[7.94961076020963,46.728091907299266],[7.9494793938133474,46.72803005608183],[7.949338416174049,46.72785238375766],[7.948614570768084,46.72726994716802],[7.948359558490439,46.727181821617414],[7.948300054498043,46.72709781591564],[7.9473158763950265,46.72659845577068],[7.946992653252692,46.726364892458605],[7.946796738774468,46.726427060535954],[7.946443093148344,46.726389907014344],[7.94583639287772,46.72597758846953],[7.945716705700869,46.7259687913772],[7.94554799618491,46.72582973887817],[7.945330585813813,46.72580928487352],[7.9452399968709875,46.72571867773881],[7.945268176695803,46.72563942705389],[7.945134160719898,46.72563981449135],[7.944816896001361,46.725402512427806],[7.944196492986278,46.72509318311257],[7.944141014267062,46.725023208642746],[7.944043519698281,46.72502465657874],[7.943732833763284,46.72482410560477],[7.9436230238153005,46.72482348466854],[7.9434823774075385,46.724724470620046],[7.94331099000896,46.724692591792795],[7.943227083588288,46.72454659434483],[7.942964530665581,46.72441627354715],[7.942747456803385,46.724194274723814],[7.942181200382084,46.72405942694005],[7.94162097294835,46.72377380978676],[7.9407651614755705,46.72307024767739],[7.9403522824636275,46.72284398642384],[7.9399894965616395,46.722522266928195],[7.939667808964094,46.72209278709533],[7.939282227932769,46.72171407899147],[7.93782184708097,46.72078606625134],[7.9375692913005995,46.72067116193139],[7.937351308154537,46.72065691129737],[7.937077700378197,46.7205170899213],[7.93687986145076,46.72016246323388],[7.936532725842515,46.720018895254],[7.936338697910415,46.719847339376976],[7.936006108011758,46.71976598326616],[7.935421260334497,46.719303678655635],[7.9352963612629415,46.71923692542707],[7.9351826318192025,46.719239803765156],[7.935111520601205,46.719079432696354],[7.934861172181793,46.71887866738641],[7.934728045213158,46.718693431670296],[7.934546231202983,46.718650115594826],[7.934328974752438,46.718427552920026],[7.934101263332668,46.718284187865066],[7.93393475703182,46.71824543717071],[7.9336364544130324,46.718043293905424],[7.933450834657465,46.71798255003314],[7.933168576056747,46.71773811048755],[7.932728553442135,46.717615020429115],[7.932297628995404,46.71730935874162],[7.9316886402367,46.717043073583675],[7.931611588761374,46.716944067293035],[7.9313692496572195,46.71684169013421],[7.931117108347989,46.71666109262937],[7.9304785007874585,46.71636236452914],[7.930369333527167,46.716196199295254],[7.9302427303058005,46.716179283769996],[7.9300731495162875,46.716005687006586],[7.929826070405115,46.71593357933338],[7.9293785840174875,46.715634265870165],[7.929224611768261,46.715623520885615],[7.928954308341374,46.71539588645905],[7.928800496465522,46.71539840879018],[7.928658311291998,46.71526532567983],[7.928142962881784,46.715116714695306],[7.927985177391334,46.714985118926144],[7.9278944397482904,46.71499128287434],[7.927726923358537,46.71492023313126],[7.927210731067218,46.71453590873416],[7.926711011673864,46.71422536584819],[7.926484473220705,46.71414105505425],[7.926162177931641,46.713913717090826],[7.92585916813686,46.71386677553082],[7.925446053394332,46.71368227340353],[7.92539630794829,46.7135943101443],[7.925288865308784,46.713572242933324],[7.925186658560946,46.71347078476115],[7.924934801964984,46.713412207349],[7.924890116011261,46.71335588698896],[7.924753284448676,46.713378625755404],[7.924480114057237,46.71329858450233],[7.924248320413716,46.71317150836951],[7.924215161692187,46.71303125436843],[7.923934447066039,46.71298755030358],[7.923689453055461,46.71279559858836],[7.923268332544219,46.71268204425812],[7.922566327276793,46.71227447794777],[7.922271233597535,46.71219296807843],[7.921957133351373,46.71203049615103],[7.921828120335894,46.71207029904415],[7.921651362932918,46.71203156487858],[7.9216230266522745,46.711945695382575],[7.9215472586492535,46.71194936216665],[7.92154967496775,46.71184804303534],[7.92131715702127,46.71189168332372],[7.9211551430147065,46.711835758378236],[7.9211355912737655,46.7116893019862],[7.920996855584833,46.711639080656816],[7.920928742868139,46.71147911996497],[7.920722761359858,46.711442144985895],[7.920756675696948,46.71136041135307],[7.920709009474014,46.71129771504376],[7.9195373988953035,46.710601714209],[7.918605332409263,46.710199850887896],[7.9185498248079424,46.710140290134525],[7.918588369118123,46.71007747351423],[7.918406812551428,46.709875753500505],[7.9177628590898745,46.70971808267844],[7.917565479294682,46.70957791292435],[7.917106425472269,46.70941920197659],[7.91686531170675,46.709251786532604],[7.916516540385195,46.70914582956235],[7.915986482856898,46.70885089338392],[7.915597701879252,46.70849632641348],[7.915446166277422,46.70803880223671],[7.914987362874899,46.70765113371546],[7.914210947668343,46.707326811418646],[7.913566824608663,46.707153888115826],[7.913013405312359,46.70707907770537],[7.912225680090725,46.70662130263355],[7.911478906756228,46.706272091887264],[7.910822389312398,46.706068538329696],[7.909684283250757,46.705585090153534],[7.908677510530186,46.70527444512514],[7.9077140437596976,46.705040436115205],[7.907584101410217,46.705055290848655],[7.907192887879972,46.70496110213532],[7.906687973210649,46.70494957129745],[7.90559604911648,46.70470988186268],[7.905278004697648,46.70471728095896],[7.904084932127734,46.70437722124543],[7.903762848117122,46.70424626171243],[7.903667336958114,46.70413505082815],[7.903174691954204,46.70401955490082],[7.902067613048337,46.70342207403305],[7.901622293504498,46.7031195849899],[7.901297349235739,46.703028678693414],[7.90114621238882,46.70290430555846],[7.901070940647629,46.70273234397434],[7.900336396216454,46.702556932692254],[7.900105793605408,46.70239257159348]],[[7.900009214698734,46.691078788414465],[7.900008799994226,46.69103019742278]],[[7.900008449294015,46.690989105756444],[7.90000823043792,46.690963462279505]]]}},{"type":"Feature","properties":{"depth_m":14,"elevation_m":550,"shore":false},"geometry":{"type":"LineString","coordinates":[[7.971326651526584,46.715475502524185],[7.971282744901195,46.71570494412323],[7.971376296505789,46.71594732797159],[7.97154765015177,46.716109458097705],[7.9720474522632605,46.71633139572787],[7.972114314246311,46.71631294810738],[7.972228682725651,46.71642586720931],[7.972269531042931,46.716408836426446],[7.972274736477764,46.71662728106469],[7.972618428689626,46.71694820537782],[7.972885821290923,46.717056405096415],[7.973221236845395,46.71728047391318],[7.973525943657627,46.71734463454191],[7.9740724471616895,46.717356853307315],[7.9741500399053935,46.717247875675824],[7.973950268491279,46.717060892658225],[7.973835466166178,46.7167713561998],[7.973374681267867,46.71665380940035],[7.972641830723977,46.71611233474067],[7.971545565156054,46.71549241848823],[7.9714236372543334,46.715454764809714],[7.971326651526584,46.715475502524185]]}},{"type":"Feature","properties":{"depth_m":14,"elevation_m":550,"shore":false},"geometry":{"type":"LineString","coordinates":[[7.969799507740029,46.71477877665783],[7.969905370358995,46.714886736040484],[7.970095796379736,46.71491040812664],[7.970072862648339,46.71480472572427],[7.969952309864573,46.71471646341053],[7.969886149568503,46.714706390218105],[7.969799507740029,46.71477877665783]]}},{"type":"Feature","properties":{"depth_m":14,"elevation_m":550,"shore":false},"geometry":{"type":"MultiLineString","coordinates":[[[7.920651878595864,46.68991468291409],[7.921092020460637,46.690210030320515],[7.921274425401251,46.69027878676211],[7.92122108267697,46.690399716043],[7.921255331578423,46.69048879921419],[7.921411517913321,46.69055952837917],[7.921462926688507,46.69064655087813],[7.921662503261123,46.69070268513077],[7.921852755927235,46.69089591638617],[7.921967995899739,46.69114315103962],[7.922112823758476,46.6912050216357],[7.92232057170463,46.691217095375244],[7.922431663141115,46.6913773501085],[7.922634994949263,46.69136626917069],[7.923000881008644,46.69156123657294],[7.9232148846137775,46.69161033527351],[7.923245910015842,46.69182790756258],[7.923413520106574,46.69183497719083],[7.92359457126672,46.69197920928652],[7.924157333095804,46.691974433439874],[7.924326026623737,46.692042361764685],[7.9243795398679335,46.69215048682496],[7.924833916886204,46.692202877405606],[7.9249373500945826,46.692263571367995],[7.924951643469056,46.692330878989765],[7.925301456137403,46.69250897768425],[7.9253634617338955,46.692606073386976],[7.925560311925023,46.69269353536748],[7.925718047816644,46.69269840381306],[7.925964177731867,46.69287340751366],[7.925964751604365,46.692997958995264],[7.926047154773531,46.69303428252269],[7.926173116090991,46.69328913150299],[7.926406359111338,46.69342351990329],[7.926615838134332,46.69348146532367],[7.92686797797719,46.69348162870295],[7.927043860562272,46.69354415187389],[7.9271770583571035,46.69353150078342],[7.927377076569008,46.69361004937789],[7.927516318896877,46.69358921294853],[7.927661417216945,46.69363763585521],[7.92774679324853,46.69373785960629],[7.927962147741789,46.69372822896016],[7.928197442129041,46.693817032897286],[7.928266117264768,46.693738970878165],[7.928443345915944,46.693778079410585],[7.928509522764263,46.69375330027643],[7.928618400553342,46.69386433427193],[7.928721452970094,46.69383606834636],[7.928827174013898,46.693865650972484],[7.928991407217772,46.69379369102868],[7.929169936500135,46.693891039766186],[7.929324592116839,46.6938211625086],[7.929482574169002,46.69381818048153],[7.929559742644301,46.693921181853796],[7.929612695958931,46.69384684785682],[7.929939226647908,46.69374771420085],[7.930069942838538,46.69381155154218],[7.930197682478827,46.69375219693775],[7.93027747897174,46.69379183904859],[7.930329911987949,46.69375815835927],[7.930486007870189,46.693792164239],[7.930615425400343,46.69376064351599],[7.930722636949545,46.693805933389854],[7.931335675120817,46.69385589594645],[7.931574061718459,46.694042246571136],[7.931695111853988,46.69405943629373],[7.9319888740078195,46.69426503149113],[7.932309012812758,46.694362321017955],[7.932560813650774,46.694496598650716],[7.9328734947378665,46.69453439454849],[7.932996792378591,46.694618464931196],[7.933154971040859,46.69464530659696],[7.933300166466722,46.694763465325636],[7.933511954175648,46.694810863183214],[7.933647714217466,46.69492790193169],[7.934096708463867,46.69507268251894],[7.934368334797279,46.695283648146365],[7.934659669916552,46.69538819873279],[7.934992530134622,46.69580030077691],[7.936103534862485,46.696405056349754],[7.936395283607849,46.696486769725645],[7.936725258227654,46.69667012854037],[7.936945149100478,46.69665933671397],[7.93727458171832,46.696850234681854],[7.937457206112399,46.696834666010446],[7.9377195001484715,46.69691046861075],[7.938102107854661,46.69693265188619],[7.938200870441462,46.697021528747484],[7.938374765651606,46.69706722131379],[7.939463841696417,46.697779052773186],[7.939663953643576,46.6981644576918],[7.9398538370051766,46.698262936391956],[7.940009437612583,46.69853463297423],[7.940123740397605,46.69864335634236],[7.940220556510969,46.69866409783963],[7.940437974493469,46.698915632818384],[7.9406226077857145,46.69956188846475],[7.941127682946071,46.69983985465459],[7.941171319580218,46.70000486800773],[7.941281464524498,46.700087710000204],[7.9412751532536445,46.70030604461735],[7.942170538252829,46.70070320697076],[7.942273768715636,46.70094312485224],[7.94218469826499,46.7009950089184],[7.942173641275892,46.7011470844434],[7.942090156671207,46.70121052121952],[7.942176164394635,46.70129999064411],[7.943361168793502,46.7018395808062],[7.943824121598465,46.70222786428002],[7.943878375300385,46.702379147216504],[7.944064681036995,46.702486945305296],[7.944193411307774,46.70275933087672],[7.944326536914333,46.702805410850985],[7.944470276400956,46.703010307115015],[7.944824228768586,46.70313161925591],[7.945263337821083,46.70343187209123],[7.945548759658935,46.70356259867089],[7.9460358089707475,46.70395844854547],[7.946440355162962,46.70413457533639],[7.947116745867747,46.70467881648815],[7.94718384305061,46.704676277738365],[7.947497735927757,46.7049033961635],[7.947759240105329,46.704997935317955],[7.947870434145059,46.70515247077407],[7.948189539399356,46.70529523867999],[7.948662566131835,46.70586838161852],[7.9489493523623445,46.70601256016322],[7.949128940092016,46.70620135905328],[7.949242684028517,46.70621682676256],[7.9496890931539985,46.70651629238563],[7.949930219400769,46.70660776931784],[7.94998655812621,46.70670902413147],[7.950197294316565,46.70678108901263],[7.950472965794381,46.706987887406996],[7.950811759312935,46.70708127250694],[7.951191172616635,46.70729612268303],[7.951916531007395,46.70756615269511],[7.952299513145321,46.707576466655105],[7.9525729303854495,46.70771684613687],[7.952910113873325,46.707754243237396],[7.953297624525343,46.70798308321825],[7.953926358455614,46.70818282103501],[7.9543423798688835,46.708435781142896],[7.954700342908812,46.708497187511405],[7.955473858049336,46.70832407556053],[7.95590072748982,46.70829959043564],[7.956319025962296,46.70840288108781],[7.957258025143233,46.70874179582398],[7.957364378538732,46.70874264407477],[7.95748625617864,46.70865103614532],[7.958031757042536,46.70865291897001],[7.958699523525965,46.708773551964526],[7.958828877179659,46.708710253900655],[7.95887339804542,46.708822191108936],[7.95912939701363,46.70895885612862],[7.9602791074814725,46.70927660808996],[7.960449848615763,46.709397233531455],[7.960480548026045,46.70970118294036],[7.960855049732092,46.71016910783728],[7.961596693943391,46.710656121626045],[7.961912242666088,46.7107661503737],[7.962220828586415,46.71097939953816],[7.962201602544006,46.71105481745506],[7.962341510853631,46.7111317635368],[7.962389176656524,46.71122179849213],[7.962112286375688,46.71155755427128],[7.962172466458001,46.71177160024626],[7.962617545937514,46.71213752669747],[7.963220865323661,46.71237410446376],[7.963652269308977,46.71260062983049],[7.963959382757233,46.71290409869252],[7.964502635453548,46.71324694204389],[7.965140766139649,46.713777570849274],[7.965267366349113,46.713762737913136],[7.965512108902729,46.71385553274744],[7.96574342137839,46.71375405554197],[7.966073293023805,46.713866894353544],[7.966182198326074,46.71385077478901],[7.966454484859734,46.714008991823576],[7.966573403367035,46.714025794743634],[7.966664407120186,46.71397652746605],[7.966899588288654,46.71408493505735],[7.967082816609751,46.714105910772126],[7.967068278065529,46.71407700298849],[7.967343024938348,46.71392095167217],[7.96754450710255,46.713864083521585],[7.967545460285941,46.713773087865526],[7.966938562173429,46.71328780104858],[7.966757812543057,46.71295284663889],[7.966971967565124,46.71284679549053],[7.967193325463479,46.71280599220431],[7.967432801596531,46.71260536838558],[7.967995529896757,46.71259140848531],[7.96811353780823,46.712514236188554],[7.968348767996166,46.712563970766475],[7.968624095377191,46.71275220509351],[7.969298380037657,46.71311203101614],[7.969782039024961,46.713310709715394],[7.970096512802903,46.713551455087675],[7.970744631156578,46.71386851190983],[7.971332170260342,46.71396476094902],[7.972749234366511,46.71397575500866],[7.973058460254223,46.71402008719764],[7.973960675645332,46.71427175216397],[7.9743849280020225,46.714450206765044],[7.9751210529819625,46.71495841587145],[7.976082736591523,46.715487337412874],[7.9770817713707896,46.71585660837743],[7.977828814270397,46.71641241675923],[7.978351448311276,46.71691506418449],[7.978518883249892,46.71697190802174],[7.979071813254402,46.71732340745745],[7.9811399055562,46.71811812086908],[7.9817188530987,46.71849294469201],[7.982879939704048,46.71902210222916],[7.983260478626674,46.71927299465987],[7.983644839704943,46.71942658829224],[7.984060987257403,46.71968508038986],[7.984208491736284,46.71970974360468],[7.985190874372328,46.72015996667915],[7.986238483630649,46.720982235852105],[7.986507581347447,46.721258992694345],[7.987054413699057,46.721688385573174],[7.98721228196614,46.721907229922415],[7.988993190872269,46.722597580735254],[7.9893525375336125,46.722810989151796],[7.989459593935094,46.72281127345491],[7.9895226677156295,46.72289700392489],[7.9903391349351525,46.723090346836436],[7.991559272946561,46.72367978021864],[7.9919021487245825,46.7237980950648],[7.992018325996954,46.723798512700974],[7.992300892637237,46.724001633025296],[7.992705285817026,46.72414987271049],[7.992776253652279,46.724261038879064],[7.993042659164088,46.72445288324363],[7.993350032355566,46.7245640256307],[7.993720830878895,46.724828478235366],[7.994080190256799,46.72496352838645],[7.994705558995847,46.725323209121086],[7.994937384918015,46.72520984994548],[7.9951862326122995,46.72526061457789],[7.995165262376914,46.72531513166858],[7.9952516750671645,46.72532877079397],[7.995266819957446,46.725395705836725],[7.995486938595792,46.72537763992059],[7.995856429841437,46.72560891592231],[7.996434961925868,46.72578769662072],[7.996460029388243,46.725865260924095],[7.9965896330922,46.72589608572603],[7.996712284985838,46.726039030594976],[7.99694746189686,46.726082886552184],[7.997741364740725,46.7264295645573],[7.998132046717815,46.726473421320236],[7.998808109755015,46.72679369111932],[7.999036022528106,46.72683165925744],[7.99936294176177,46.72698203675536],[7.999572064139368,46.72695897038877],[7.999757972731022,46.72701460401783],[7.999913614209781,46.72699006360836],[8.000157558627905,46.72703351905223],[8.000216797471838,46.72712071983148],[8.000668553046237,46.72726892343518],[8.00072925552518,46.72722641692395],[8.000875007774546,46.72724967298622],[8.001446246647149,46.72758392777902],[8.001817062505848,46.727638493771884],[8.001995498848286,46.72773859032316],[8.00206457689035,46.727883251054095],[8.002227830362013,46.727924833229515],[8.002310581961574,46.728052127627386],[8.00255635994056,46.72814649350954],[8.002923087439962,46.72838897805502],[8.002992785852634,46.728488782662694],[8.003724336905883,46.728696905908485],[8.003968351051792,46.72893217696844],[8.004098602065383,46.72898496654606],[8.004843877119104,46.729117226020996],[8.005137628054662,46.729330397485526],[8.00576466473622,46.72962273097364],[8.005972427635319,46.7296712653531],[8.006089354852042,46.72980282214515],[8.00630478997918,46.72990408651949],[8.007381677601744,46.730241545662416],[8.007951313971502,46.730357378720676],[8.00824511311003,46.73052865806989],[8.008468435583502,46.73074192937039],[8.008690147800655,46.730847116054406],[8.009683792117986,46.731081446625986],[8.010751714731027,46.73151807845811],[8.011584477317186,46.73170848074677],[8.013099503357862,46.73217084153901],[8.013350412087988,46.73233068312492],[8.013965598838864,46.73244271276859],[8.01441460369463,46.73266871583362],[8.015205559976854,46.73296477707137],[8.01733410923014,46.733947172730375],[8.017561211926111,46.73409587212693],[8.018021197472411,46.73425243963183],[8.01847182544604,46.7345218048453],[8.01869930197525,46.73474375204468],[8.01932256223035,46.73506269391623],[8.01959748769776,46.735115710811485],[8.019767658269423,46.7352277321058],[8.020089273505183,46.73528730200714],[8.02053376572619,46.73548090163349],[8.021664304594387,46.736180740810966],[8.02237134212329,46.73642261312969],[8.02258823592341,46.73660383823405],[8.022726341887726,46.73690880585662],[8.023154999362369,46.737212430724405],[8.023282268161475,46.73725204409928],[8.024453306291338,46.73731351177328],[8.025311712400349,46.737559573147294],[8.025512981289758,46.737680295961816],[8.025628981474192,46.73764958228426],[8.026312556495682,46.73770032932078],[8.026595818713377,46.73757142048679],[8.027005406515132,46.737579089681795],[8.027734902104694,46.73736663832033],[8.028427902985218,46.73745631142382],[8.029643846725014,46.737484573881275]],[[8.029816710796675,46.753270952327185],[8.029269377171513,46.753419616497865],[8.02903983080069,46.7538081391213],[8.028725748915901,46.75394106270729],[8.027621162487822,46.75460299730301],[8.02708626438723,46.754748847739314],[8.026838763522086,46.754720490383534],[8.026616553630225,46.75483902776879],[8.026098372589598,46.754992811661474],[8.025064543448604,46.75520785675362],[8.024874034458838,46.7553956116772],[8.024253965008663,46.755575205698875],[8.023576328540537,46.75551706539779],[8.023353892489641,46.75556494546411],[8.02258038744868,46.75538515549897],[8.022232517624436,46.755383073674714],[8.021665245965224,46.75576435483125],[8.021365663592467,46.75582456189004],[8.021043617392909,46.75599005110879],[8.020909744772078,46.756117518451575],[8.020754064146894,46.75615872026241],[8.020654145287333,46.75627059572448],[8.020407223420584,46.756332699951024],[8.020176776666766,46.75655119055404],[8.020011515008596,46.75662538226161],[8.01990870580091,46.756646550385184],[8.019693279936872,46.75657792960979],[8.01924057516295,46.75669534846704],[8.01878235166618,46.756662412869076],[8.018158942148164,46.756933989256794],[8.017220619281597,46.75748330631516],[8.016344981713589,46.757667569183866],[8.015730302975303,46.75756435540365],[8.015178096918447,46.7576457111162],[8.014394313196233,46.75751362156951],[8.01417494549063,46.75742483297609],[8.01409346806538,46.757317106402255],[8.013708611708179,46.75706096719951],[8.013629481239969,46.757056678672676],[8.013542759125803,46.756876679913255],[8.01309931929499,46.75677032342542],[8.012001795530932,46.75613923946374],[8.011200102513447,46.755992878869954],[8.01044596028233,46.75593989262078],[8.010389951142553,46.75554805176466],[8.010045813559534,46.7553087973115],[8.009877230598619,46.755293960789906],[8.009591967910083,46.7553688001922],[8.009174228966751,46.75532687099849],[8.00880557306333,46.755198175049564],[8.008595987618401,46.75505602766235],[8.008424230594757,46.75504169059761],[8.007936935223393,46.75486014015419],[8.007553223317045,46.7548484318623],[8.007450855168168,46.754802289985626],[8.006825505263098,46.75487296776882],[8.006549762331796,46.75481156685058],[8.006369598084072,46.75466852253019],[8.006040297673337,46.75473032123377],[8.00569760467649,46.75467106782472],[8.005608776786865,46.75459921046731],[8.005379979096304,46.75461948829946],[8.005241179827406,46.75455263720998],[8.004926156932513,46.75454317920899],[8.0042448458237,46.754678097331144],[8.003918616339599,46.75465842796618],[8.003632728347744,46.75478276766726],[8.003449846358619,46.75478950999026],[8.00328056936175,46.754738018839554],[8.003202237613413,46.7548096785236],[8.002780475098428,46.754858988836645],[8.002556928875057,46.754822121613444],[8.00238893181571,46.754863026260146],[8.0022839152483,46.75481351946245],[8.00218919475863,46.75484127050149],[8.00203543996079,46.7548121631181],[8.00192169093968,46.75488906109432],[8.001841173071842,46.75487809646925],[8.001604654315457,46.75496775231947],[8.001379697133547,46.75493486582501],[8.001209361768348,46.754844470590776],[8.000819593670736,46.75491840815718],[8.00000514255959,46.75491737474871],[7.999633284502467,46.754874861411906],[7.999360136727722,46.75478150482142],[7.999002117274085,46.75476066403111],[7.998947042122425,46.75470030336987],[7.998603627070254,46.75479018024529],[7.998422338371601,46.7547701356187],[7.998333789913385,46.75469022016164],[7.998214332908545,46.754671518531524],[7.998044049862898,46.75472449113836],[7.99802660592527,46.75476899709474],[7.997818491298925,46.754722941451696],[7.9976761536524075,46.75474070267881],[7.997114237032925,46.75463849809594],[7.996336936065529,46.754355000221885],[7.9960223365724294,46.75429753274728],[7.995781093768926,46.75413815478815],[7.99578619963526,46.753974714792825],[7.99563283845712,46.75383984394622],[7.99516568344056,46.75369464538672],[7.995122864698355,46.75351879093623],[7.99477818599763,46.75345032991888],[7.994734257956952,46.753335624201895],[7.994454555597883,46.753177375170836],[7.99430633217565,46.753157082227595],[7.994240237439044,46.753187665016775],[7.99403175210333,46.75312756208591],[7.994003671194468,46.75302768486675],[7.993834217049318,46.753052976537695],[7.993665894301055,46.752927378321196],[7.993532653006264,46.752929536724],[7.993189498708744,46.75273753518034],[7.992826359995808,46.75269582100926],[7.992423407878317,46.75279315558574],[7.992290700726889,46.752731242894264],[7.992055048687077,46.75280775007512],[7.991319859856371,46.752627185405196],[7.990985484209309,46.752440280324976],[7.990989015271999,46.75220723082358],[7.990699179504868,46.751919025424634],[7.990589432528326,46.75167790534056],[7.98979398827328,46.7509967888873],[7.9895690367083985,46.75088515820013],[7.989378927153815,46.750846826651006],[7.988822969006476,46.750870383948325],[7.988524275853063,46.75073992753114],[7.988343246240066,46.75082971164672],[7.988212486843305,46.750819338965044],[7.987928951251996,46.75075322596721],[7.987745948588069,46.750638853260526],[7.987517877819826,46.750618899251734],[7.987204723603097,46.750504799992285],[7.987084158185349,46.750552174152276],[7.986613546678999,46.75050357966459],[7.986375400273685,46.750352137260705],[7.985989315950513,46.75025118508008],[7.985633533159937,46.75003037239652],[7.9853773923887985,46.750006455476274],[7.985086398365523,46.74972121005297],[7.984874347852753,46.749600018050394],[7.984898115315628,46.74951086545497],[7.9846470088525265,46.74940343418769],[7.984541533501845,46.749230816839585],[7.984177649741035,46.74908774280074],[7.983993485986963,46.74909933578112],[7.983807741410913,46.748894788474466],[7.983521021308637,46.7488694840527],[7.983176499158377,46.748617485105406],[7.9824090460701145,46.748413475478756],[7.982231712846148,46.74829611643343],[7.981997706025082,46.74822999600552],[7.981679875417902,46.74822739601197],[7.981500437754088,46.748133497502636],[7.981316777363086,46.74812459169053],[7.981141836735271,46.748000158012786],[7.980729560322007,46.74808760045612],[7.980551521456253,46.74802202112999],[7.980212326993781,46.74800695145433],[7.9800477706315105,46.74793766420025],[7.9799748194366025,46.747806682356],[7.97959102356132,46.74768553853941],[7.979468911530729,46.7473120684783],[7.979343227436299,46.747125337904606],[7.9793541026475845,46.74695026705843],[7.979131571917677,46.74680337749553],[7.979127588059657,46.74666949607877],[7.978863435831575,46.74668136022152],[7.9787200518348325,46.74660347006952],[7.97867819089162,46.74651873999932],[7.9787720743530794,46.746329117672865],[7.978248922590231,46.74596726579024],[7.978164601030744,46.745960152632186],[7.978109478253131,46.745877374064015],[7.977470064981215,46.745556332058776],[7.976931769991979,46.74551678778861],[7.9766790790300535,46.74538870154349],[7.976508957601272,46.74522848940568],[7.976033770332091,46.74507474987999],[7.974991186260244,46.744630307271755],[7.9740069741447686,46.7441664929165],[7.9735907881715145,46.743901127633265],[7.973396099592889,46.74362803156552],[7.973416216321021,46.74331265787794],[7.973321760695091,46.74289750093525],[7.973189003106506,46.742764995532326],[7.973190699128325,46.74264684772241],[7.972958672923692,46.74223643607007],[7.973007249376273,46.74210981098873],[7.972922353203395,46.742037334273604],[7.97300066399451,46.74164538733753],[7.972858426887633,46.74156877988518],[7.972780641000674,46.74144907863106],[7.972620799836673,46.74141826009162],[7.972483773888836,46.74127701205684],[7.9725573968908545,46.74103934473838],[7.972514326569194,46.7408520586479],[7.972241145164783,46.74068900235323],[7.972053753302576,46.740651969771406],[7.971436950796949,46.74020954525482],[7.971218999423857,46.73997003577452],[7.971171242049763,46.739796516385894],[7.971035396543962,46.73977949106795],[7.97095931004085,46.7396748753626],[7.970866120102464,46.739659018420774],[7.970706872483459,46.739495238729134],[7.970467713645675,46.73936168741837],[7.970474134555209,46.73919657832571],[7.970403777556927,46.73922845358796],[7.9702413759608115,46.73919326277901],[7.970084415018763,46.73908865397548],[7.970040620601877,46.738978328125135],[7.9698228329236676,46.73892989186791],[7.9697751749060854,46.73881514002924],[7.969629827393882,46.73880687401151],[7.969505997889295,46.73870480011975],[7.969398454307125,46.73846511591727],[7.969250160237235,46.73834730507025],[7.969211708570599,46.738247829830655],[7.969103438191109,46.738213636394335],[7.969056701707849,46.73810722794206],[7.968973479014054,46.73805740958149],[7.968809636847001,46.73806560946458],[7.968770691588146,46.73800771426991],[7.968680311489102,46.738007153115134],[7.96858973231019,46.73794097853111],[7.968487275479624,46.73795643153146],[7.968308369395012,46.73790820787139],[7.968166308963941,46.73782123979885],[7.967798993850738,46.73775761536785],[7.967430820630211,46.737594249953055],[7.96713557133166,46.73738302199708],[7.967057193246899,46.73720623320989],[7.966258940581217,46.73690031045414],[7.966007666773284,46.73671631322293],[7.965970758229577,46.736598604593915],[7.9656915761293625,46.73637683681787],[7.965039317465289,46.73608789938929],[7.964883964648727,46.73591272318395],[7.9646503964398985,46.73580195597304],[7.9643368570539375,46.735758061169044],[7.963866814607771,46.73582647620008],[7.962807629133746,46.735813007928606],[7.961984242498732,46.73590342005464],[7.961209352938586,46.7358475420577],[7.960819411981475,46.7356770854567],[7.960347323029801,46.7352212019956],[7.959408645514467,46.73463175421955],[7.9595175419716,46.734380926856645],[7.959430607372169,46.734281147679326],[7.958941965810227,46.73413217545137],[7.958558385395624,46.73388513824033],[7.958195375046665,46.733119910848494],[7.9577008482399,46.732600825175844],[7.95743728908565,46.732423908614905],[7.956924013336285,46.73230408663463],[7.9566742129821355,46.732153553101746],[7.9557950110651605,46.73193828589264],[7.955574667715278,46.73180303514462],[7.95549536720192,46.7318203237832],[7.9552789547377225,46.7317594216984],[7.955197595564738,46.73166269961133],[7.954760618850019,46.731530585664885],[7.95398707906043,46.73105072393473],[7.953232811243471,46.73065603991524],[7.952524728022366,46.7303815049313],[7.952330864279156,46.730404317275266],[7.952214947757362,46.730275903888725],[7.952236788082454,46.730132028275236],[7.9521808707214054,46.73005059020809],[7.950972742528541,46.72939469124242],[7.95065368027122,46.729087373261315],[7.950216048587255,46.728805368479684],[7.9499955098179615,46.72860380099165],[7.94963457861077,46.72843439994506],[7.9494031323822405,46.728261810112116],[7.949070642652163,46.727949501216465],[7.948816162112788,46.727537225178],[7.9485460039377145,46.72731378320651],[7.948290942414842,46.72723292620462],[7.9482590267941635,46.72715155904848],[7.948054164648796,46.72707659458355],[7.947871731036107,46.72693980163986],[7.94771532886488,46.72690548773988],[7.947417191047156,46.72669811709007],[7.947246553711765,46.72665512218753],[7.9469699592892376,46.726436068056415],[7.946728267110536,46.72649635273824],[7.946430516260672,46.72647142749478],[7.946225189821715,46.72629082595705],[7.945649587985825,46.72601656833223],[7.945492827437246,46.72588786167983],[7.945221900405001,46.725835332568785],[7.945139664327829,46.72571056782644],[7.944534447435015,46.72532764258958],[7.944067910598687,46.72507996182879],[7.943983319160984,46.72507775435844],[7.943877794800083,46.72498434261529],[7.943751596734023,46.72495747303135],[7.943683782934507,46.72487908798623],[7.9435830904115114,46.72487565603856],[7.943220110248175,46.7247201241584],[7.943168809845174,46.72459593200019],[7.942905970115441,46.72446993024441],[7.942701312933024,46.72426363688694],[7.9420633337267255,46.724107893277306],[7.941460747823264,46.72381922359169],[7.94051143142887,46.72314334597287],[7.937421007714553,46.72142560859216],[7.93730721186577,46.72123474113956],[7.9372151303573695,46.721174278597815],[7.937123123218479,46.72121399114912],[7.937078278151385,46.721077300144735],[7.936746915619226,46.72086188772538],[7.936210239778046,46.720289108438145],[7.935723121877572,46.719645189305616],[7.93535469660956,46.719339240081],[7.935070145432452,46.71925269773458],[7.93501909475765,46.71911605988124],[7.934651281331256,46.718734884161584],[7.9344821196001085,46.71870485357665],[7.934044870286972,46.71834765387684],[7.933710079450848,46.71819886031178],[7.9330818163431935,46.71776920624288],[7.932673329680586,46.71765770076672],[7.932234211916751,46.717347135672995],[7.931642829680233,46.71710541324643],[7.931524084703136,46.7169738157333],[7.931283529878695,46.71688351184211],[7.93088603453301,46.71660628881129],[7.9306061962236925,46.7165336403354],[7.930539307676046,46.71643581295627],[7.9304057714788545,46.716403050158775],[7.930328918793484,46.7162737898032],[7.93015768770796,46.71621501166944],[7.929999890251855,46.71604129212126],[7.929782746550912,46.71598328666804],[7.9292785314695795,46.71568777003341],[7.929108220734318,46.71565080081401],[7.928918189063876,46.71545695102036],[7.928745213541029,46.715449075616185],[7.928581645537357,46.71531180224326],[7.928009186734714,46.71513779805426],[7.927912289779545,46.71505309643006],[7.927535159149002,46.71490264909859],[7.927110383127014,46.71458134317195],[7.926200332346889,46.71402722315508],[7.925685080686687,46.713868408643485],[7.92513117910734,46.713549166250296],[7.9248738118451545,46.713487202828034],[7.924830339335857,46.71343492531783],[7.924703223629552,46.713440081158595],[7.92442046022162,46.71335934294706],[7.92415769843565,46.71320771430848],[7.924138785423489,46.713099829013785],[7.923952584492769,46.71308630835067],[7.923732991818296,46.71295594989271],[7.923199531403439,46.712816632130576],[7.922841951384135,46.712592744941084],[7.922656924490239,46.71241367939369],[7.9221927507448635,46.71218850573124],[7.9220599733149815,46.7121817903704],[7.921904974789654,46.71210766559335],[7.921679929806464,46.712109571201296],[7.921325380286009,46.71195577849507],[7.921114431732656,46.71192372783415],[7.921025156583187,46.71178851365615],[7.921039689629072,46.71171417525988],[7.9209326135089615,46.711709104175725],[7.92075167502093,46.71152109461741],[7.920614853887638,46.71151534818885],[7.920575105677378,46.71140638081228],[7.920392077365699,46.71127121990249],[7.919267040017379,46.71057505581464],[7.918517721248453,46.71022741288564],[7.918473953260194,46.71015559568065],[7.9185420105528115,46.71006441775331],[7.918337129874328,46.70988695793215],[7.918105113153293,46.70979629367342],[7.917669276578081,46.709718151414094],[7.917423363307409,46.70957469467451],[7.917174421730875,46.70951147322025],[7.916956383695994,46.70935674407708],[7.916285409685762,46.70909847191963],[7.915864751469721,46.70882933583759],[7.915581613409635,46.708574466768525],[7.9155106717051975,46.70823096763935],[7.9154060421971835,46.70805324583813],[7.914924512868898,46.70768804409952],[7.9137892726179695,46.70724416058433],[7.912958951161692,46.70711760732639],[7.912820369466987,46.70697690631375],[7.912410656061894,46.70682018460455],[7.9114376772805475,46.706305141654695],[7.909776313804981,46.70564782390694],[7.908818714795427,46.70534408378981],[7.908356092775646,46.70527170161218],[7.907706294529322,46.70505458210183],[7.907586611381119,46.70508082815328],[7.906688152749193,46.70500502866624],[7.90558683576609,46.704752891693495],[7.905266645457369,46.70473593035174],[7.903835399549517,46.70434248936271],[7.90360588519716,46.70421027068403],[7.902635348963645,46.70400550147466],[7.901673489748005,46.70359164827451],[7.90092071666776,46.70303710363309],[7.900468357667336,46.70281098456075],[7.900107181006456,46.70255506480574]]]}},{"type":"Feature","properties":{"depth_m":9,"elevation_m":555,"shore":false},"geometry":{"type":"LineString","coordinates":[[7.971496385591004,46.715635373372486],[7.9714222217023485,46.715699786620696],[7.97144397972921,46.715888846157625],[7.9715571927071105,46.71600419115532],[7.971900504303076,46.716120458789206],[7.9723006732478225,46.71642609752437],[7.972424691587964,46.71676899074412],[7.972589761805186,46.71688633223544],[7.973233027234146,46.71715947186597],[7.973537601722612,46.71710863236622],[7.9736115592271135,46.716981177020635],[7.973747538455169,46.71697120239559],[7.973548966832975,46.716799469724656],[7.973385521001621,46.71678562625046],[7.973183238372428,46.716668253202144],[7.972910393595982,46.71637762040446],[7.9725447099676945,46.716128747198205],[7.972214839488843,46.71597644498721],[7.9720560843833015,46.71595786396716],[7.971754778434213,46.715691316856656],[7.971496385591004,46.715635373372486]]}},{"type":"Feature","properties":{"depth_m":9,"elevation_m":555,"shore":false},"geometry":{"type":"MultiLineString","coordinates":[[[7.9207709164747335,46.68991418023516],[7.921339264837386,46.690221471133526],[7.921361321748361,46.69043407126766],[7.921514626985336,46.69057740745503],[7.9217588471386104,46.6906759201606],[7.921921677132396,46.6908374586952],[7.921907042123173,46.69089670310091],[7.922042916154204,46.69109912390504],[7.922163142768098,46.691153947056904],[7.92236060694136,46.69115780626268],[7.922508283198499,46.69131583689666],[7.922698557550509,46.69131529113248],[7.923016814581676,46.69149529374477],[7.923287293247268,46.69156763134864],[7.923305773632903,46.69177993144906],[7.923433585362992,46.69177205729276],[7.923634781455124,46.6918914297258],[7.923701592394091,46.69186885462207],[7.92401012991994,46.69193388624857],[7.9241940611909065,46.6919109837594],[7.924398244119558,46.691990059576824],[7.9244469279985035,46.69207285538179],[7.924862164512812,46.69214576958391],[7.924928214651122,46.69221883887498],[7.9252104303265725,46.692333734387994],[7.925435570812736,46.69253450229845],[7.92582110008643,46.692658599070846],[7.9260608874747716,46.69284352485821],[7.926268706685657,46.69325105840665],[7.926547232305555,46.69338494724025],[7.927550248113499,46.693525954082745],[7.927715685314552,46.69358264678561],[7.927779378985297,46.69366340682866],[7.927973260977375,46.693656090087536],[7.928083440285567,46.69371175970407],[7.928241771569888,46.69367519709037],[7.928529241689799,46.69369313362922],[7.9286632598625095,46.6937796184822],[7.928813770375073,46.693784585635505],[7.9289918321029305,46.693726680509215],[7.929205777087493,46.693825379342556],[7.929323471983028,46.69375538203718],[7.929688167578249,46.69377743655798],[7.92977946457799,46.69370297352837],[7.929923474088712,46.69368169084931],[7.930513340836582,46.693724183185566],[7.9306238359063075,46.69369789849497],[7.930722299636968,46.6937387282355],[7.931024278739504,46.69371029525845],[7.931204552793069,46.693792142763776],[7.9313879596727945,46.69381316576982],[7.931617965650669,46.69398228079927],[7.932033685278039,46.69417989176771],[7.933199092649849,46.69459212200273],[7.93334584296239,46.694711614291904],[7.93414489303726,46.69502493129869],[7.934435463146045,46.69522301371078],[7.934624739549706,46.695278900227954],[7.934909449199964,46.69556741334266],[7.935464417112815,46.695996485659784],[7.936144890408167,46.696342707091176],[7.936682909094208,46.69654374427211],[7.936967604045914,46.696591942120605],[7.937332612294604,46.69676729304313],[7.938092500916038,46.69688485495841],[7.938426851963316,46.69702452476051],[7.939500272466387,46.69770196200676],[7.939769681596149,46.69812835282083],[7.939980883494002,46.69827827390861],[7.940113822318819,46.69855661870826],[7.940282350526612,46.69864599692746],[7.94051382688022,46.698899215150604],[7.940690762700538,46.699538748782544],[7.94119429564766,46.69983786127671],[7.941248703078745,46.69999969669786],[7.94135473406686,46.70006335997829],[7.9412894271328796,46.70020717337699],[7.941354996195631,46.700303777005516],[7.941767367745829,46.70048799089757],[7.94199715431364,46.700531524587284],[7.942222978777769,46.70067180569511],[7.942210982600295,46.70076376733248],[7.9423307610624025,46.70093151190714],[7.942249647533711,46.70107113163733],[7.942291084266496,46.70126198082238],[7.943497878586609,46.70188753498485],[7.943824249941797,46.7021744564403],[7.943890210055558,46.70235409588845],[7.944102938678346,46.70248110867092],[7.944242027719523,46.70274816787261],[7.944381161094322,46.70284377830458],[7.944482400571853,46.702998028290295],[7.944932228298154,46.703140504889596],[7.945322326714253,46.703425187423576],[7.9456486032948925,46.70357176272217],[7.946058141530822,46.70389004520214],[7.9465170661689575,46.70412127138363],[7.9471678762441655,46.70463175733281],[7.947802913277019,46.70496855862796],[7.94789087184289,46.705135728641785],[7.948246168144244,46.70526690147432],[7.94872594827276,46.70583231372036],[7.949001854657345,46.7059834134268],[7.949183079987909,46.70615591376008],[7.9499809946044095,46.70657298958284],[7.950068685096222,46.706685978228805],[7.950234219265495,46.706736448996075],[7.95049810909912,46.70693090408836],[7.950770949560599,46.70700575701564],[7.951239586415367,46.707252294352024],[7.951953557208868,46.70751712178011],[7.9522684329278,46.70751636248039],[7.9525961931516935,46.70766032959444],[7.952899827406219,46.70769296609618],[7.953333798314185,46.70795449385319],[7.954000299875344,46.70814745819192],[7.954290092961248,46.7083038349265],[7.954764965496235,46.7083432853807],[7.955462361374107,46.70809558361271],[7.955840883694942,46.70807121857499],[7.956168854894914,46.708234488214195],[7.956536409975446,46.70831830753378],[7.95663606882275,46.708227961729314],[7.956819885685152,46.708216000032216],[7.9571390688375185,46.708241223227446],[7.957520942648764,46.708398316063956],[7.957848600906956,46.70846432112059],[7.958095646072042,46.708425046840695],[7.958724227174583,46.7084529866261],[7.958814572784273,46.70841845449031],[7.9595725527079,46.7087269957511],[7.96016745917171,46.70883031203726],[7.960414875799003,46.70891345314826],[7.960609739918449,46.70910675210308],[7.960685691071764,46.7093419565678],[7.9606691381748,46.70970366727814],[7.960802768771633,46.709816338761684],[7.9609518246978475,46.710120385427814],[7.961377519484845,46.71035442084837],[7.961646806462339,46.71059514432894],[7.962036137663339,46.710742706540444],[7.962325495358677,46.710950142398275],[7.962299139089263,46.71102795889539],[7.962423110194798,46.71108920855138],[7.96248633842731,46.71121291484618],[7.9622159890062365,46.71156903406122],[7.962349395110851,46.711831770571685],[7.962678966540595,46.71210976306026],[7.963376574354622,46.712391524301516],[7.963804521429243,46.71263502182283],[7.9640113694125025,46.71285299798896],[7.964424149112965,46.71302900548732],[7.965299824243221,46.71366984283693],[7.965432081654063,46.71358470043582],[7.96608326021811,46.713624567860194],[7.966439413551342,46.71353865075561],[7.966530794707395,46.713586966898866],[7.966552937978536,46.7136754269326],[7.966749490965447,46.71375250156296],[7.966637073156214,46.71381331942143],[7.966681825042,46.71390665849095],[7.9669015323853625,46.71404032551631],[7.967086979113834,46.7140407538389],[7.966813022755603,46.71377616319776],[7.966888868476768,46.71376575519175],[7.966936497168906,46.71383225575718],[7.967068154834272,46.713815715230155],[7.967174831372763,46.71374561299623],[7.967159481255346,46.71365246187837],[7.966801974364344,46.71336980776286],[7.966591935859375,46.71327503811769],[7.966409088296494,46.71293662953024],[7.965890069153392,46.712530335783775],[7.966216112147471,46.71210320850807],[7.966598326365605,46.71194032038289],[7.966904438490768,46.7118926398469],[7.967863972534756,46.71197570657321],[7.968940511810369,46.712802677074045],[7.9697407366073945,46.7131510216747],[7.971079058017942,46.71341663843993],[7.972298389597047,46.713511365082034],[7.973331523875974,46.71378162882805],[7.974846524019922,46.7144877560437],[7.97547118662767,46.714914805493734],[7.975640465312074,46.714940969593044],[7.9770115012761105,46.71562867433493],[7.977629226487914,46.715990517086176],[7.978181001230245,46.71650031423754],[7.978897345311936,46.716972870767634],[7.981166714689657,46.71785204519985],[7.981459282459367,46.718016328297274],[7.981598299694678,46.71819395278965],[7.9818289094332835,46.71832937452227],[7.98304909665918,46.718947594301646],[7.9833737885629406,46.719210563916626],[7.983694040557351,46.719371542780245],[7.983853179755345,46.71952654331966],[7.984451780912759,46.719718791130596],[7.985850795356225,46.72040782185608],[7.986270297706253,46.7207335056113],[7.986499129595981,46.72099446123913],[7.987283659580399,46.72150514886245],[7.98741318319741,46.72164680222812],[7.987500111762587,46.72189605062821],[7.988404505710757,46.72215572365182],[7.988682851649025,46.722349904493925],[7.989154458613824,46.72257910893055],[7.989506161623356,46.72268173589543],[7.989794386846326,46.72285250460169],[7.990610614614965,46.7230902224334],[7.990982092470372,46.72330829884436],[7.99205973402584,46.72374552537196],[7.992439089839323,46.7240011608535],[7.99275246876449,46.724111547064226],[7.9928210997386255,46.72418236990501],[7.992795188105355,46.72422974997056],[7.9929454662441115,46.72427451183553],[7.993108726690687,46.724428112226185],[7.993911953056617,46.72482887149641],[7.99422598954951,46.72492230261845],[7.994402156730204,46.7251333837775],[7.994634793502248,46.725161064609566],[7.994766335113105,46.72506530375693],[7.995119512018094,46.725143303133464],[7.995475289996657,46.72527555071175],[7.995466896283282,46.725319130754315],[7.995355712969848,46.72533142116629],[7.99538046893967,46.725358638371105],[7.995474692790947,46.725358457858775],[7.995530123541949,46.72530435739491],[7.995896765969688,46.72554735954013],[7.996528341955375,46.725772874386436],[7.99679408816506,46.726002693061915],[7.997076531638364,46.72606832118358],[7.9974233819231335,46.72624191456749],[7.9981428952542615,46.72642328019105],[7.998794053365909,46.72671486789256],[7.999376431492606,46.72690163004365],[8.000083163321,46.726960659914056],[8.000372046773828,46.7271138032773],[8.0008949909552,46.72720260812095],[8.001527586652669,46.72753209855934],[8.00180482689471,46.72757539538072],[8.002048763352526,46.72769291733369],[8.002438061482756,46.728050328939],[8.003029454574017,46.7284010914026],[8.00375880971754,46.72865325017695],[8.004132305435276,46.7289265615822],[8.004851976326945,46.72906119669737],[8.00504131236252,46.7291542628209],[8.005142828836629,46.72926996563449],[8.005667655187626,46.729525285573324],[8.00603976350087,46.72963143976517],[8.006066072858967,46.72970867198715],[8.006190780210375,46.729786296844836],[8.007361461623024,46.730179126284284],[8.008006655795963,46.73031663122791],[8.008560926010825,46.73063239512086],[8.009125363552723,46.730836280119256],[8.009820712239467,46.73098820528567],[8.010021596095786,46.73114245710895],[8.010332338574045,46.731239890677145],[8.010671752188214,46.73142550850535],[8.011265829250197,46.73155567674332],[8.012000573993381,46.73164113787692],[8.01279915825717,46.73195223619291],[8.014021392851681,46.73226782528521],[8.01441248970797,46.732514639249636],[8.015199237459266,46.732835819727995],[8.016344522930865,46.73344235141676],[8.016690450949833,46.7335219582198],[8.017334677107078,46.73384634610236],[8.018234097124783,46.73416127655639],[8.018395348905841,46.7342754591278],[8.0185421294547,46.734472349408456],[8.019258920866084,46.73493723064263],[8.02059645337243,46.735464138112256],[8.021653563381937,46.73612387087106],[8.022385674160184,46.73638796941919],[8.02264876828039,46.73660306996269],[8.02279713756409,46.73692783852671],[8.023284726198106,46.73722650172986],[8.024081230482308,46.73724036837851],[8.024500409884999,46.73729178845035],[8.025315495879559,46.73754651894712],[8.025484819461822,46.73766548081015],[8.025629526417886,46.73763953128853],[8.025914799889282,46.737684572639],[8.026366142112758,46.73767311148575],[8.026556071549393,46.73755250922124],[8.026976835570991,46.73755197988251],[8.027487234812225,46.73743450159673],[8.027757438248022,46.73732750773184],[8.028555885270752,46.73744824703045],[8.029057245856373,46.73743071463953],[8.029643696606184,46.73747086063301]],[[8.029818201792422,46.75340707353243],[8.029402277240344,46.753491488592644],[8.029161013590366,46.7538629172739],[8.02885689555513,46.75394709608045],[8.02805354355994,46.754493880872786],[8.027636802687146,46.75469888262251],[8.026926198411546,46.75485044163663],[8.026281000997331,46.75506992804722],[8.025143876860424,46.75528156495761],[8.024854705034448,46.755470572896876],[8.024271451293426,46.75564151318102],[8.02362249017421,46.755589280263095],[8.023357007482183,46.75563621127735],[8.023196305150712,46.75559897283896],[8.02319388036237,46.75555153304238],[8.023078443278607,46.75558233105182],[8.022653080393729,46.755467211360845],[8.022264843333806,46.755436001050676],[8.021721692960723,46.75580747992483],[8.0210803453033,46.756031324965],[8.021044268634384,46.75610983420755],[8.020794731687753,46.756197563297334],[8.020674832853848,46.75632464431068],[8.02047837567224,46.75635702178639],[8.02033697424403,46.75651481521426],[8.020115177793373,46.75665064537212],[8.01990918296707,46.75671151471627],[8.019725576854244,46.75667940748773],[8.019565735706912,46.756758707506705],[8.019188826639418,46.7568005279432],[8.018733041250384,46.75675217016768],[8.018194786158805,46.75699182954515],[8.017448097841502,46.75746377609528],[8.017050041391565,46.757601923238646],[8.016336414777651,46.7577329930259],[8.015719260863566,46.757618709032165],[8.015154290971303,46.757707307630625],[8.01434593290037,46.75757721283138],[8.014103992674404,46.757465724811155],[8.013877620827941,46.757268672071916],[8.013579171659128,46.757105085634784],[8.013498589251336,46.75704067727582],[8.013498806940035,46.75695174500338],[8.013061475475093,46.756830280895954],[8.012251935671959,46.75640007280647],[8.01200310142978,46.75622150728986],[8.01126617898665,46.756070944992885],[8.010596176527578,46.75602958323717],[8.010271449533182,46.75595752471064],[8.010302520281293,46.75557545822789],[8.009976756282942,46.75536804626096],[8.009578078279613,46.75544899399875],[8.00909967346868,46.75539479170063],[8.008966756033571,46.75530179233686],[8.008720584620212,46.755247418585874],[8.00859563243164,46.755147578329066],[8.007892850491405,46.75494679914467],[8.00745277450561,46.75489002415248],[8.00702659410967,46.75495204706456],[8.006814107525745,46.75493785620195],[8.006497480897854,46.754865782685066],[8.006342964281632,46.75476696848063],[8.005977351145605,46.75478727049581],[8.00494834914554,46.75460373597844],[8.004216741173263,46.75474396775533],[8.003932650117674,46.754734929619346],[8.003684010783138,46.75484040117049],[8.00331587682045,46.75481755492272],[8.00315963906351,46.75488147646687],[8.002834830710054,46.7549139448283],[8.002585869761376,46.75488744920483],[8.002332540351231,46.75492263984751],[8.002283555283825,46.75488558548013],[8.00206238269998,46.75488549783392],[8.001595337079438,46.75502565831191],[8.001424286047799,46.755011046365276],[8.001185482759295,46.75490297898475],[8.000949151021432,46.75496421525911],[8.000243169472718,46.755001367024214],[7.999590096768344,46.75493072957862],[7.9992886792569315,46.75484259414183],[7.998983966104587,46.75481765957987],[7.998920659166589,46.75477252394512],[7.998640359660362,46.75484374029198],[7.998383734783665,46.75481127296512],[7.998305248728792,46.75474119442207],[7.998099790450565,46.754765805164816],[7.998016293383883,46.7548297412821],[7.997283199998258,46.75474624974668],[7.995970683972456,46.75432869377111],[7.995721902805832,46.75417190722217],[7.995695172670172,46.754009234144576],[7.99555728963387,46.75389539154909],[7.995102226101955,46.75374620269366],[7.995025424781075,46.753568543648555],[7.994705124167903,46.753493225956454],[7.994661736868828,46.753376367619296],[7.994423137754081,46.753232707349824],[7.994183174068005,46.753242465142456],[7.994088708221026,46.75317680631734],[7.9939568317206655,46.75316029259168],[7.993931462151202,46.75308223463625],[7.993824396445592,46.75310725906525],[7.993760043466414,46.753059058152495],[7.993692615264605,46.75307198862935],[7.9936653607377295,46.753023139672074],[7.993439789305652,46.75296359542731],[7.993170163452185,46.75281102457445],[7.992959971999672,46.752761677783646],[7.992427393437479,46.75285249859846],[7.992290119663795,46.752785606454104],[7.992069197422404,46.752874177428644],[7.991258387806191,46.752691360864596],[7.99095915283026,46.752529986333755],[7.990883692359755,46.75238593482963],[7.990931017197145,46.752333351385424],[7.990899932966966,46.752242501585535],[7.990613982901539,46.75194645097241],[7.9905131999560695,46.751730790195175],[7.9896747816506375,46.75101048849791],[7.989338260149585,46.750914454088196],[7.988822722347563,46.75093478502525],[7.9885180670166225,46.75081777881574],[7.988278262976867,46.75089109575444],[7.987899719968424,46.75081431204173],[7.987709558672614,46.75070512819816],[7.987188426702272,46.75059080471352],[7.98704595411131,46.75062416982284],[7.986861687776962,46.7505616886992],[7.986534913963541,46.75052909959583],[7.986261382514676,46.75037671116487],[7.985910876873712,46.750279015537366],[7.985588158209617,46.75008325016003],[7.985271039133822,46.75001114730856],[7.985048994751489,46.74978715614495],[7.984799087778216,46.74962898399272],[7.984786510269009,46.74954354943184],[7.984575331735904,46.74943856287515],[7.984529359523587,46.749312069763256],[7.984428637076085,46.7492405857165],[7.984190792573313,46.74915411294143],[7.984049013509061,46.74916266100202],[7.983901713003615,46.749113042361635],[7.983744930265635,46.74894863927023],[7.983586102430811,46.74898215006676],[7.983382894150042,46.74890526170312],[7.983372555470885,46.748843025099234],[7.9830222127191,46.7486535462338],[7.982364463190022,46.748464612030645],[7.982114833888107,46.74832872394396],[7.9816149533554075,46.748275786309236],[7.981128824057281,46.74810261729338],[7.980944969467712,46.74809650945279],[7.98071160197211,46.74815246333773],[7.9805151756493755,46.748092089713616],[7.980149048560652,46.74807318049285],[7.979527141446548,46.74771767657769],[7.979186526839421,46.747036437706825],[7.979144859634539,46.746992079370244],[7.978986848035456,46.746983939056626],[7.978894793126787,46.74674038534323],[7.978626765346872,46.74662518570698],[7.978593160531794,46.746375427357094],[7.978351649735944,46.746230245197275],[7.978037217060064,46.746139533648844],[7.9779430697065035,46.7460422673253],[7.9778478615505986,46.74603136417642],[7.976770334021474,46.745498099665234],[7.975709931208216,46.74511476499854],[7.974805083335091,46.74487354155695],[7.97444939418754,46.74473568766019],[7.973324416150293,46.74416724242647],[7.9731893665444895,46.74401370693171],[7.9731068731972154,46.743800931966],[7.973180164628401,46.74328650571471],[7.973148421720685,46.743037006953756],[7.972833597657951,46.742290275208184],[7.9727244058623725,46.74164278401564],[7.97265008218198,46.74150796279101],[7.972388520512258,46.741275127239085],[7.97246557185993,46.74103477225626],[7.972430059753092,46.740897241749344],[7.972303875945307,46.74079629733278],[7.972002786401454,46.740707575960464],[7.971830624376285,46.74060680069016],[7.9713830932325695,46.74025998315457],[7.971158762121548,46.74001309089383],[7.971102824835871,46.73985927410065],[7.970985912708234,46.73982893686998],[7.970553394588232,46.73946810288621],[7.970383934001582,46.739387184265276],[7.970398026546832,46.73927825329686],[7.970207577424967,46.739254347594745],[7.969997581751507,46.73911097128935],[7.969984166258748,46.73903348217544],[7.969783350563669,46.73898517380372],[7.969707001192989,46.73887342494087],[7.969588379208206,46.73886051881284],[7.969497594047154,46.73879095454104],[7.969404751199928,46.738602549212075],[7.969030234170478,46.73823935301777],[7.969018692053115,46.738167261479234],[7.967627523388068,46.73776306023836],[7.9672464900853255,46.7375557290639],[7.967039745606605,46.737394125111564],[7.966995306563093,46.73730004723349],[7.966745899949119,46.737158916252596],[7.966219269990651,46.736945921703345],[7.965658543216388,46.73657972419192],[7.965143061117268,46.73639122240564],[7.96451339519294,46.73625481604321],[7.963543359483088,46.736191917860076],[7.962616265849034,46.73621106169716],[7.961717267250873,46.73629276902158],[7.960821694346896,46.73606601083833],[7.9596361464632785,46.73544296088049],[7.959073933247654,46.73480083249792],[7.959080870241347,46.73473322559266],[7.959268478979661,46.734616695701725],[7.959354802633963,46.73449026423452],[7.9593253011765865,46.7343100089796],[7.958884430903684,46.73418310097433],[7.958477990099016,46.73392347474205],[7.958041926958306,46.7331001165655],[7.957794346549904,46.73280423268808],[7.957376160584499,46.732482046227275],[7.955327249778275,46.7318448148395],[7.955058797302034,46.73168855096654],[7.95488004673579,46.73169009656046],[7.954355274806185,46.731515891355585],[7.953534726589126,46.73134280142891],[7.952721205127073,46.73098786299379],[7.9527014131559834,46.73088501488362],[7.952645712918622,46.730895277684596],[7.952503310149839,46.73074846173116],[7.9523566146358355,46.73051886897818],[7.951559248136998,46.72980066843431],[7.950748988360867,46.72932091378281],[7.949799829253218,46.728865352645826],[7.949659761619522,46.728724747705535],[7.948999066099167,46.72835741376267],[7.94875161777018,46.72788094022852],[7.948674767449362,46.72758655004562],[7.948443125390124,46.72734537634462],[7.948217032397163,46.727278944839654],[7.948142589167782,46.72717830978257],[7.94688650733659,46.72654546664059],[7.9467831727493285,46.72653270278464],[7.946705971015413,46.72657510084477],[7.946379940022575,46.72654213320631],[7.946311527284221,46.72644379103598],[7.945961001968822,46.72628060215321],[7.945416666944715,46.72593388848991],[7.94517227712744,46.725873847099386],[7.94458549467446,46.72543696546026],[7.943894149189458,46.72510630519799],[7.943802034061238,46.725010180354694],[7.943707539423975,46.72500789053875],[7.943655121130576,46.72492518246018],[7.943530263876092,46.72492277485882],[7.943449123313575,46.72484607679383],[7.94317327208166,46.72476275451949],[7.94310802876791,46.72463032993666],[7.942971460547261,46.72454903666279],[7.942329923764177,46.724259122205645],[7.941579669184961,46.724032967277495],[7.941061308253857,46.723750572382976],[7.940568756281321,46.723347960887786],[7.940172167751787,46.72311249681581],[7.939122786772292,46.7226102851625],[7.938463691883641,46.72222189673018],[7.936901085616791,46.72147229835699],[7.936624676261192,46.721245986006224],[7.936088275234946,46.72094764405289],[7.935870214536191,46.72058682476201],[7.935656431992265,46.71995424602449],[7.935477667826066,46.71972255835565],[7.9351048279577805,46.719351741951755],[7.934962899413993,46.719277901848834],[7.9349068170370245,46.71914879717508],[7.934548521445418,46.71877707017621],[7.934416378186085,46.71875589239079],[7.933983435851038,46.718410512029365],[7.933625599166915,46.71823324799848],[7.933546652555623,46.718134970870096],[7.933306883426175,46.71802856561466],[7.932995346178641,46.717803368193],[7.932648034627517,46.717713565181526],[7.932170408231339,46.717392713462424],[7.9316014601322475,46.717148474048344],[7.931454835380165,46.71701173434442],[7.931194829058284,46.71692259367416],[7.931109371458483,46.71681241472808],[7.930825022718758,46.71665111617437],[7.930550467373572,46.71658986026615],[7.930467026921156,46.71647692848345],[7.930345207507785,46.7164468048554],[7.930300267920394,46.716353452626215],[7.930132336100865,46.71628499892977],[7.929907465783047,46.716072121980616],[7.929076701808757,46.715723009261126],[7.928944958972271,46.715566178144044],[7.928248918178196,46.71525706032351],[7.927955746949449,46.715184075721034],[7.92786130840516,46.71509932753845],[7.9274948985005524,46.71494846532868],[7.926186891563368,46.71410738673292],[7.925608067889677,46.71391126844296],[7.92506850014109,46.7136312216106],[7.924228727036523,46.71336193047069],[7.924014836619955,46.71318227917515],[7.923148353543322,46.712997220870704],[7.9230062241225125,46.712819943936026],[7.922677995622826,46.71261099944623],[7.922586281844874,46.71246545182668],[7.922192296458796,46.71225465260752],[7.921648573540167,46.712159890504005],[7.921262710682784,46.71201150147814],[7.920945969295783,46.71195999017638],[7.920668527987417,46.71179410347192],[7.920264053180842,46.71142775329372],[7.919787894421845,46.711246860998486],[7.91929354849215,46.710730874690796],[7.9190791688783175,46.710602014642575],[7.918570877380117,46.71041976818981],[7.918424839839313,46.71023584523781],[7.91837921841787,46.71005836399036],[7.918224499906237,46.70990106836319],[7.917617151135716,46.709744907187016],[7.9170435383843785,46.70950960175362],[7.916902837571229,46.70939438120399],[7.916190786347002,46.70911530267689],[7.915732391097601,46.70881402056256],[7.915482464329884,46.70854812777383],[7.915443933145521,46.70826739078809],[7.915327381665525,46.70809163476329],[7.914999672183239,46.7078073276528],[7.913749480269072,46.70729334338654],[7.912896905971,46.70715243525559],[7.912744719241231,46.70700071701912],[7.912380224999738,46.7068692741158],[7.911702933432237,46.706476300640276],[7.909566594282591,46.70562111731125],[7.9076842677420895,46.705130721699106],[7.906710035839367,46.70506161148941],[7.905713161523376,46.70485369294058],[7.905466421991087,46.70475514714202],[7.905217961018339,46.70476911627291],[7.90513270263964,46.70470240211268],[7.904464192622071,46.70452548814767],[7.904279516024484,46.704522454154855],[7.903568293892889,46.70430636219251],[7.902524022545656,46.70409129534605],[7.901808872200478,46.70381967834821],[7.901288013917841,46.70354050519087],[7.900835625835096,46.70318475158648],[7.90033932863204,46.702927756897395],[7.900108678982111,46.70273050748077]]]}}]}